id_carga,id_experimento,grupo,tipo_falha_injetada,iteracao,dag_state,status_carga,qtd_registros,registros_log,ts_id_criada,ts_concluida,tempo_ingestao_ms,pre_leitura_ms,validacao_schema_ms,leitura_ate_concluida_ms
1,31,BASELINE,SCHEMA,1,failed,ERRO,,,2026-09-20 16:05:52.641,,,0,,
2,32,BASELINE,SCHEMA,2,failed,ERRO,,,2026-09-20 16:06:00.038,,,0,,
3,33,BASELINE,SCHEMA,3,failed,ERRO,,,2026-09-20 16:06:10.070,,,0,,
4,34,BASELINE,SCHEMA,4,failed,ERRO,,,2026-09-20 16:06:20.130,,,0,,
5,35,BASELINE,SCHEMA,5,failed,ERRO,,,2026-09-20 16:06:29.355,,,0,,
6,36,BASELINE,SCHEMA,6,failed,ERRO,,,2026-09-20 16:06:39.241,,,0,,
7,37,BASELINE,SCHEMA,7,failed,ERRO,,,2026-09-20 16:06:49.460,,,0,,
8,38,BASELINE,SCHEMA,8,failed,ERRO,,,2026-09-20 16:06:59.513,,,0,,
9,39,BASELINE,SCHEMA,9,failed,ERRO,,,2026-09-20 16:07:09.273,,,0,,
10,40,BASELINE,SCHEMA,10,failed,ERRO,,,2026-09-20 16:07:18.611,,,0,,
11,41,BASELINE,SCHEMA,11,failed,ERRO,,,2026-09-20 16:07:28.711,,,0,,
12,42,BASELINE,SCHEMA,12,failed,ERRO,,,2026-09-20 16:07:38.342,,,0,,
13,43,BASELINE,SCHEMA,13,failed,ERRO,,,2026-09-20 16:07:47.964,,,0,,
14,44,BASELINE,SCHEMA,14,failed,ERRO,,,2026-09-20 16:07:57.855,,,0,,
15,45,BASELINE,SCHEMA,15,failed,ERRO,,,2026-09-20 16:08:07.275,,,0,,
16,46,BASELINE,SCHEMA,16,failed,ERRO,,,2026-09-20 16:08:17.975,,,0,,
17,47,BASELINE,SCHEMA,17,failed,ERRO,,,2026-09-20 16:08:27.039,,,0,,
18,48,BASELINE,SCHEMA,18,failed,ERRO,,,2026-09-20 16:08:37.106,,,0,,
19,49,BASELINE,SCHEMA,19,failed,ERRO,,,2026-09-20 16:08:47.182,,,0,,
20,50,BASELINE,SCHEMA,20,failed,ERRO,,,2026-09-20 16:08:57.251,,,0,,
21,51,BASELINE,SCHEMA,21,failed,ERRO,,,2026-09-20 16:09:06.256,,,0,,
22,52,BASELINE,SCHEMA,22,failed,ERRO,,,2026-09-20 16:09:16.332,,,0,,
23,53,BASELINE,SCHEMA,23,failed,ERRO,,,2026-09-20 16:09:26.331,,,0,,
24,54,BASELINE,SCHEMA,24,failed,ERRO,,,2026-09-20 16:09:36.354,,,0,,
25,55,BASELINE,SCHEMA,25,failed,ERRO,,,2026-09-20 16:09:46.387,,,0,,
26,56,BASELINE,SCHEMA,26,failed,ERRO,,,2026-09-20 16:09:55.402,,,0,,
27,57,BASELINE,SCHEMA,27,failed,ERRO,,,2026-09-20 16:10:05.417,,,0,,
28,58,BASELINE,SCHEMA,28,failed,ERRO,,,2026-09-20 16:10:15.443,,,0,,
29,59,BASELINE,SCHEMA,29,failed,ERRO,,,2026-09-20 16:10:25.459,,,0,,
30,60,BASELINE,SCHEMA,30,failed,ERRO,,,2026-09-20 16:10:34.567,,,0,,
31,61,BASELINE,DADOS_NULOS,1,failed,ERRO,,,2026-09-20 16:10:45.530,,,0,,
32,62,BASELINE,DADOS_NULOS,2,failed,ERRO,,,2026-09-20 16:10:54.551,,,0,,
33,63,BASELINE,DADOS_NULOS,3,failed,ERRO,,,2026-09-20 16:11:04.617,,,0,,
34,64,BASELINE,DADOS_NULOS,4,failed,ERRO,,,2026-09-20 16:11:14.590,,,0,,
35,65,BASELINE,DADOS_NULOS,5,failed,ERRO,,,2026-09-20 16:11:24.639,,,0,,
36,66,BASELINE,DADOS_NULOS,6,failed,ERRO,,,2026-09-20 16:11:34.689,,,0,,
37,67,BASELINE,DADOS_NULOS,7,failed,ERRO,,,2026-09-20 16:11:44.685,,,0,,
38,68,BASELINE,DADOS_NULOS,8,failed,ERRO,,,2026-09-20 16:11:53.655,,,0,,
39,69,BASELINE,DADOS_NULOS,9,failed,ERRO,,,2026-09-20 16:12:03.446,,,0,,
40,70,BASELINE,DADOS_NULOS,10,failed,ERRO,,,2026-09-20 16:12:13.528,,,0,,
41,71,BASELINE,DADOS_NULOS,11,failed,ERRO,,,2026-09-20 16:12:22.763,,,0,,
42,72,BASELINE,DADOS_NULOS,12,failed,ERRO,,,2026-09-20 16:12:33.674,,,0,,
43,73,BASELINE,DADOS_NULOS,13,failed,ERRO,,,2026-09-20 16:12:42.654,,,0,,
44,74,BASELINE,DADOS_NULOS,14,failed,ERRO,,,2026-09-20 16:12:52.742,,,0,,
45,75,BASELINE,DADOS_NULOS,15,failed,ERRO,,,2026-09-20 16:13:02.827,,,0,,
46,76,BASELINE,DADOS_NULOS,16,failed,ERRO,,,2026-09-20 16:13:12.882,,,0,,
47,77,BASELINE,DADOS_NULOS,17,failed,ERRO,,,2026-09-20 16:13:22.298,,,0,,
48,78,BASELINE,DADOS_NULOS,18,failed,ERRO,,,2026-09-20 16:13:32.135,,,0,,
49,79,BASELINE,DADOS_NULOS,19,failed,ERRO,,,2026-09-20 16:13:42.203,,,1,,
50,80,BASELINE,DADOS_NULOS,20,failed,ERRO,,,2026-09-20 16:13:52.275,,,0,,
51,81,BASELINE,DADOS_NULOS,21,failed,ERRO,,,2026-09-20 16:14:01.329,,,0,,
52,82,BASELINE,DADOS_NULOS,22,failed,ERRO,,,2026-09-20 16:14:11.372,,,0,,
53,83,BASELINE,DADOS_NULOS,23,failed,ERRO,,,2026-09-20 16:14:21.283,,,0,,
54,84,BASELINE,DADOS_NULOS,24,failed,ERRO,,,2026-09-20 16:14:31.506,,,0,,
55,85,BASELINE,DADOS_NULOS,25,failed,ERRO,,,2026-09-20 16:14:41.594,,,0,,
56,86,BASELINE,DADOS_NULOS,26,failed,ERRO,,,2026-09-20 16:14:51.660,,,0,,
57,87,BASELINE,DADOS_NULOS,27,failed,ERRO,,,2026-09-20 16:15:00.697,,,0,,
58,88,BASELINE,DADOS_NULOS,28,failed,ERRO,,,2026-09-20 16:15:10.760,,,0,,
59,89,BASELINE,DADOS_NULOS,29,failed,ERRO,,,2026-09-20 16:15:20.831,,,0,,
60,90,BASELINE,DADOS_NULOS,30,failed,ERRO,,,2026-09-20 16:15:30.897,,,0,,
61,91,BASELINE,ARQUIVO_AUSENTE,1,failed,ERRO,,,,,,,,
62,92,BASELINE,ARQUIVO_AUSENTE,2,failed,ERRO,,,,,,,,
63,93,BASELINE,ARQUIVO_AUSENTE,3,failed,ERRO,,,,,,,,
64,94,BASELINE,ARQUIVO_AUSENTE,4,failed,ERRO,,,,,,,,
65,95,BASELINE,ARQUIVO_AUSENTE,5,failed,ERRO,,,,,,,,
66,96,BASELINE,ARQUIVO_AUSENTE,6,failed,ERRO,,,,,,,,
67,97,BASELINE,ARQUIVO_AUSENTE,7,failed,ERRO,,,,,,,,
68,98,BASELINE,ARQUIVO_AUSENTE,8,failed,ERRO,,,,,,,,
69,99,BASELINE,ARQUIVO_AUSENTE,9,failed,ERRO,,,,,,,,
70,100,BASELINE,ARQUIVO_AUSENTE,10,failed,ERRO,,,,,,,,
71,101,BASELINE,ARQUIVO_AUSENTE,11,failed,ERRO,,,,,,,,
72,102,BASELINE,ARQUIVO_AUSENTE,12,failed,ERRO,,,,,,,,
73,103,BASELINE,ARQUIVO_AUSENTE,13,failed,ERRO,,,,,,,,
74,104,BASELINE,ARQUIVO_AUSENTE,14,failed,ERRO,,,,,,,,
75,105,BASELINE,ARQUIVO_AUSENTE,15,failed,ERRO,,,,,,,,
76,106,BASELINE,ARQUIVO_AUSENTE,16,failed,ERRO,,,,,,,,
77,107,BASELINE,ARQUIVO_AUSENTE,17,failed,ERRO,,,,,,,,
78,108,BASELINE,ARQUIVO_AUSENTE,18,failed,ERRO,,,,,,,,
79,109,BASELINE,ARQUIVO_AUSENTE,19,failed,ERRO,,,,,,,,
80,110,BASELINE,ARQUIVO_AUSENTE,20,failed,ERRO,,,,,,,,
81,111,BASELINE,ARQUIVO_AUSENTE,21,failed,ERRO,,,,,,,,
82,112,BASELINE,ARQUIVO_AUSENTE,22,failed,ERRO,,,,,,,,
83,113,BASELINE,ARQUIVO_AUSENTE,23,failed,ERRO,,,,,,,,
84,114,BASELINE,ARQUIVO_AUSENTE,24,failed,ERRO,,,,,,,,
85,115,BASELINE,ARQUIVO_AUSENTE,25,failed,ERRO,,,,,,,,
86,116,BASELINE,ARQUIVO_AUSENTE,26,failed,ERRO,,,,,,,,
87,117,BASELINE,ARQUIVO_AUSENTE,27,failed,ERRO,,,,,,,,
88,118,BASELINE,ARQUIVO_AUSENTE,28,failed,ERRO,,,,,,,,
89,119,BASELINE,ARQUIVO_AUSENTE,29,failed,ERRO,,,,,,,,
90,120,BASELINE,ARQUIVO_AUSENTE,30,failed,ERRO,,,,,,,,
91,121,TRATAMENTO,CONEXAO,1,success,SUCESSO,267,267,2026-09-20 16:20:14.683,2026-09-20 16:20:14.963,280,9,9,271
92,122,TRATAMENTO,CONEXAO,2,success,SUCESSO,267,267,2026-09-20 16:20:36.292,2026-09-20 16:20:36.578,286,9,9,277
93,123,TRATAMENTO,CONEXAO,3,success,SUCESSO,267,267,2026-09-20 16:20:56.041,2026-09-20 16:20:56.321,280,9,9,271
94,124,TRATAMENTO,CONEXAO,4,success,SUCESSO,267,267,2026-09-20 16:21:18.090,2026-09-20 16:21:18.368,278,9,9,269
95,125,TRATAMENTO,CONEXAO,5,success,SUCESSO,267,267,2026-09-20 16:21:40.368,2026-09-20 16:21:40.649,281,10,10,271
96,126,TRATAMENTO,CONEXAO,6,success,SUCESSO,267,267,2026-09-20 16:22:02.381,2026-09-20 16:22:02.661,280,10,9,270
97,127,TRATAMENTO,CONEXAO,7,success,SUCESSO,267,267,2026-09-20 16:22:24.630,2026-09-20 16:22:24.910,280,9,9,271
98,128,TRATAMENTO,CONEXAO,8,success,SUCESSO,267,267,2026-09-20 16:22:46.644,2026-09-20 16:22:46.925,281,9,9,272
99,129,TRATAMENTO,CONEXAO,9,success,SUCESSO,267,267,2026-09-20 16:23:09.911,2026-09-20 16:23:10.197,286,9,9,277
100,130,TRATAMENTO,CONEXAO,10,success,SUCESSO,267,267,2026-09-20 16:23:32.097,2026-09-20 16:23:32.376,279,9,9,270
101,131,TRATAMENTO,CONEXAO,11,success,SUCESSO,267,267,2026-09-20 16:23:54.228,2026-09-20 16:23:54.529,301,9,9,292
102,132,TRATAMENTO,CONEXAO,12,success,SUCESSO,267,267,2026-09-20 16:24:16.424,2026-09-20 16:24:16.707,283,10,10,273
103,133,TRATAMENTO,CONEXAO,13,success,SUCESSO,267,267,2026-09-20 16:24:39.489,2026-09-20 16:24:39.771,282,9,9,273
104,134,TRATAMENTO,CONEXAO,14,success,SUCESSO,267,267,2026-09-20 16:25:01.744,2026-09-20 16:25:02.018,274,9,9,265
105,135,TRATAMENTO,CONEXAO,15,success,SUCESSO,267,267,2026-09-20 16:25:23.429,2026-09-20 16:25:23.710,281,9,9,272
106,136,TRATAMENTO,CONEXAO,16,success,SUCESSO,267,267,2026-09-20 16:25:46.017,2026-09-20 16:25:46.296,279,9,9,270
107,137,TRATAMENTO,CONEXAO,17,success,SUCESSO,267,267,2026-09-20 16:26:08.430,2026-09-20 16:26:08.708,278,9,9,269
108,138,TRATAMENTO,CONEXAO,18,success,SUCESSO,267,267,2026-09-20 16:26:30.373,2026-09-20 16:26:30.649,276,9,9,267
109,139,TRATAMENTO,CONEXAO,19,success,SUCESSO,267,267,2026-09-20 16:26:52.590,2026-09-20 16:26:52.865,275,10,10,265
110,140,TRATAMENTO,CONEXAO,20,success,SUCESSO,267,267,2026-09-20 16:27:14.594,2026-09-20 16:27:14.848,254,11,10,243
111,141,TRATAMENTO,CONEXAO,21,success,SUCESSO,267,267,2026-09-20 16:27:37.644,2026-09-20 16:27:37.923,279,10,10,269
112,142,TRATAMENTO,CONEXAO,22,success,SUCESSO,267,267,2026-09-20 16:27:59.880,2026-09-20 16:28:00.164,284,9,9,275
113,143,TRATAMENTO,CONEXAO,23,success,SUCESSO,267,267,2026-09-20 16:28:22.774,2026-09-20 16:28:23.050,276,9,8,267
114,144,TRATAMENTO,CONEXAO,24,success,SUCESSO,267,267,2026-09-20 16:28:47.850,2026-09-20 16:28:48.124,274,9,9,265
115,145,TRATAMENTO,CONEXAO,25,success,SUCESSO,267,267,2026-09-20 16:29:13.479,2026-09-20 16:29:13.757,278,9,9,269
116,146,TRATAMENTO,CONEXAO,26,success,SUCESSO,267,267,2026-09-20 16:29:35.553,2026-09-20 16:29:35.833,280,10,10,270
117,147,TRATAMENTO,CONEXAO,27,success,SUCESSO,267,267,2026-09-20 16:30:00.734,2026-09-20 16:30:01.014,280,9,9,271
118,148,TRATAMENTO,CONEXAO,28,success,SUCESSO,267,267,2026-09-20 16:30:25.922,2026-09-20 16:30:26.200,278,9,9,269
119,149,TRATAMENTO,CONEXAO,29,success,SUCESSO,267,267,2026-09-20 16:30:50.980,2026-09-20 16:30:51.270,290,10,10,280
120,150,TRATAMENTO,CONEXAO,30,success,SUCESSO,267,267,2026-09-20 16:31:17.357,2026-09-20 16:31:17.642,285,9,9,276
121,151,TRATAMENTO,SCHEMA,1,failed,ERRO,,,2026-09-20 16:31:32.502,,,,,
122,152,TRATAMENTO,SCHEMA,2,failed,ERRO,,,2026-09-20 16:31:41.566,,,,,
123,153,TRATAMENTO,SCHEMA,3,failed,ERRO,,,2026-09-20 16:31:51.566,,,,,
124,154,TRATAMENTO,SCHEMA,4,failed,ERRO,,,2026-09-20 16:32:01.640,,,,,
125,155,TRATAMENTO,SCHEMA,5,failed,ERRO,,,2026-09-20 16:32:10.651,,,,,
126,156,TRATAMENTO,SCHEMA,6,failed,ERRO,,,2026-09-20 16:32:21.758,,,,,
127,157,TRATAMENTO,SCHEMA,7,failed,ERRO,,,2026-09-20 16:32:30.589,,,,,
128,158,TRATAMENTO,SCHEMA,8,failed,ERRO,,,2026-09-20 16:32:40.151,,,,,
129,159,TRATAMENTO,SCHEMA,9,failed,ERRO,,,2026-09-20 16:32:50.638,,,,,
130,160,TRATAMENTO,SCHEMA,10,failed,ERRO,,,2026-09-20 16:33:00.663,,,,,
131,161,TRATAMENTO,SCHEMA,11,failed,ERRO,,,2026-09-20 16:33:10.225,,,,,
132,162,TRATAMENTO,SCHEMA,12,failed,ERRO,,,2026-09-20 16:33:19.708,,,,,
133,163,TRATAMENTO,SCHEMA,13,failed,ERRO,,,2026-09-20 16:33:26.178,,,,,
134,164,TRATAMENTO,SCHEMA,14,failed,ERRO,,,2026-09-20 16:33:36.254,,,,,
135,165,TRATAMENTO,SCHEMA,15,failed,ERRO,,,2026-09-20 16:33:46.315,,,,,
136,166,TRATAMENTO,SCHEMA,16,failed,ERRO,,,2026-09-20 16:33:56.392,,,,,
137,167,TRATAMENTO,SCHEMA,17,failed,ERRO,,,2026-09-20 16:34:05.628,,,,,
138,168,TRATAMENTO,SCHEMA,18,failed,ERRO,,,2026-09-20 16:34:15.711,,,,,
139,169,TRATAMENTO,SCHEMA,19,failed,ERRO,,,2026-09-20 16:34:25.411,,,,,
140,170,TRATAMENTO,SCHEMA,20,failed,ERRO,,,2026-09-20 16:34:35.816,,,,,
141,171,TRATAMENTO,SCHEMA,21,failed,ERRO,,,2026-09-20 16:34:44.827,,,,,
142,172,TRATAMENTO,SCHEMA,22,failed,ERRO,,,2026-09-20 16:34:54.989,,,,,
143,173,TRATAMENTO,SCHEMA,23,failed,ERRO,,,2026-09-20 16:35:05.001,,,,,
144,174,TRATAMENTO,SCHEMA,24,failed,ERRO,,,2026-09-20 16:35:15.063,,,,,
145,175,TRATAMENTO,SCHEMA,25,failed,ERRO,,,2026-09-20 16:35:24.130,,,,,
146,176,TRATAMENTO,SCHEMA,26,failed,ERRO,,,2026-09-20 16:35:34.118,,,,,
147,177,TRATAMENTO,SCHEMA,27,failed,ERRO,,,2026-09-20 16:35:44.194,,,,,
148,178,TRATAMENTO,SCHEMA,28,failed,ERRO,,,2026-09-20 16:35:54.273,,,,,
149,179,TRATAMENTO,SCHEMA,29,failed,ERRO,,,2026-09-20 16:36:03.263,,,,,
150,180,TRATAMENTO,SCHEMA,30,failed,ERRO,,,2026-09-20 16:36:13.350,,,,,
151,181,TRATAMENTO,DADOS_NULOS,1,success,SUCESSO,252,252,2026-09-20 16:36:23.401,2026-09-20 16:36:23.678,277,9,9,268
152,182,TRATAMENTO,DADOS_NULOS,2,success,SUCESSO,252,252,2026-09-20 16:36:36.539,2026-09-20 16:36:36.816,277,9,9,268
153,183,TRATAMENTO,DADOS_NULOS,3,success,SUCESSO,252,252,2026-09-20 16:36:49.316,2026-09-20 16:36:49.597,281,9,8,272
154,184,TRATAMENTO,DADOS_NULOS,4,success,SUCESSO,252,252,2026-09-20 16:37:02.433,2026-09-20 16:37:02.715,282,9,9,273
155,185,TRATAMENTO,DADOS_NULOS,5,success,SUCESSO,252,252,2026-09-20 16:37:18.343,2026-09-20 16:37:18.624,281,9,9,272
156,186,TRATAMENTO,DADOS_NULOS,6,success,SUCESSO,252,252,2026-09-20 16:37:31.489,2026-09-20 16:37:31.763,274,8,8,266
157,187,TRATAMENTO,DADOS_NULOS,7,success,SUCESSO,252,252,2026-09-20 16:37:47.957,2026-09-20 16:37:48.240,283,9,9,274
158,188,TRATAMENTO,DADOS_NULOS,8,success,SUCESSO,252,252,2026-09-20 16:38:03.044,2026-09-20 16:38:03.327,283,9,8,274
159,189,TRATAMENTO,DADOS_NULOS,9,success,SUCESSO,252,252,2026-09-20 16:38:20.621,2026-09-20 16:38:20.899,278,9,9,269
160,190,TRATAMENTO,DADOS_NULOS,10,success,SUCESSO,252,252,2026-09-20 16:38:36.399,2026-09-20 16:38:36.675,276,8,8,268
161,191,TRATAMENTO,DADOS_NULOS,11,success,SUCESSO,252,252,2026-09-20 16:38:52.788,2026-09-20 16:38:53.065,277,9,9,268
162,192,TRATAMENTO,DADOS_NULOS,12,success,SUCESSO,252,252,2026-09-20 16:39:08.501,2026-09-20 16:39:08.826,325,8,8,317
163,193,TRATAMENTO,DADOS_NULOS,13,success,SUCESSO,252,252,2026-09-20 16:39:24.700,2026-09-20 16:39:24.994,294,9,9,285
164,194,TRATAMENTO,DADOS_NULOS,14,success,SUCESSO,252,252,2026-09-20 16:39:40.874,2026-09-20 16:39:41.160,286,9,9,277
165,195,TRATAMENTO,DADOS_NULOS,15,success,SUCESSO,252,252,2026-09-20 16:39:57.146,2026-09-20 16:39:57.433,287,9,9,278
166,196,TRATAMENTO,DADOS_NULOS,16,success,SUCESSO,252,252,2026-09-20 16:40:16.112,2026-09-20 16:40:16.405,293,8,8,285
167,197,TRATAMENTO,DADOS_NULOS,17,success,SUCESSO,252,252,2026-09-20 16:40:35.192,2026-09-20 16:40:35.470,278,9,9,269
168,198,TRATAMENTO,DADOS_NULOS,18,success,SUCESSO,252,252,2026-09-20 16:40:54.221,2026-09-20 16:40:54.506,285,9,9,276
169,199,TRATAMENTO,DADOS_NULOS,19,success,SUCESSO,252,252,2026-09-20 16:41:14.381,2026-09-20 16:41:14.638,257,10,10,247
170,200,TRATAMENTO,DADOS_NULOS,20,success,SUCESSO,252,252,2026-09-20 16:41:33.630,2026-09-20 16:41:33.915,285,9,9,276
171,201,TRATAMENTO,DADOS_NULOS,21,success,SUCESSO,252,252,2026-09-20 16:41:52.737,2026-09-20 16:41:53.019,282,9,9,273
172,202,TRATAMENTO,DADOS_NULOS,22,success,SUCESSO,252,252,2026-09-20 16:42:11.376,2026-09-20 16:42:11.662,286,9,9,277
173,203,TRATAMENTO,DADOS_NULOS,23,success,SUCESSO,252,252,2026-09-20 16:42:30.965,2026-09-20 16:42:31.240,275,9,8,266
174,204,TRATAMENTO,DADOS_NULOS,24,success,SUCESSO,252,252,2026-09-20 16:42:50.095,2026-09-20 16:42:50.385,290,9,9,281
175,205,TRATAMENTO,DADOS_NULOS,25,success,SUCESSO,252,252,2026-09-20 16:43:12.578,2026-09-20 16:43:12.855,277,9,9,268
176,206,TRATAMENTO,DADOS_NULOS,26,success,SUCESSO,252,252,2026-09-20 16:43:35.442,2026-09-20 16:43:35.725,283,10,10,273
177,207,TRATAMENTO,DADOS_NULOS,27,success,SUCESSO,252,252,2026-09-20 16:43:57.672,2026-09-20 16:43:57.961,289,9,9,280
178,208,TRATAMENTO,DADOS_NULOS,28,success,SUCESSO,252,252,2026-09-20 16:44:19.663,2026-09-20 16:44:19.947,284,10,10,274
179,209,TRATAMENTO,DADOS_NULOS,29,success,SUCESSO,252,252,2026-09-20 16:44:42.778,2026-09-20 16:44:43.057,279,9,9,270
180,210,TRATAMENTO,DADOS_NULOS,30,success,SUCESSO,252,252,2026-09-20 16:45:05.191,2026-09-20 16:45:05.445,254,10,10,244
181,211,TRATAMENTO,ARQUIVO_AUSENTE,1,success,SUCESSO,267,267,2026-09-20 16:45:27.904,2026-09-20 16:45:28.192,288,10,10,278
182,212,TRATAMENTO,ARQUIVO_AUSENTE,2,success,SUCESSO,267,267,2026-09-20 16:45:53.469,2026-09-20 16:45:53.745,276,9,9,267
183,213,TRATAMENTO,ARQUIVO_AUSENTE,3,success,SUCESSO,267,267,2026-09-20 16:46:19.682,2026-09-20 16:46:19.963,281,9,9,272
184,214,TRATAMENTO,ARQUIVO_AUSENTE,4,success,SUCESSO,267,267,2026-09-20 16:46:45.106,2026-09-20 16:46:45.388,282,9,9,273
185,215,TRATAMENTO,ARQUIVO_AUSENTE,5,success,SUCESSO,267,267,2026-09-20 16:47:11.242,2026-09-20 16:47:11.530,288,9,9,279
186,216,TRATAMENTO,ARQUIVO_AUSENTE,6,success,SUCESSO,267,267,2026-09-20 16:47:39.182,2026-09-20 16:47:39.458,276,8,8,268
187,217,TRATAMENTO,ARQUIVO_AUSENTE,7,success,SUCESSO,267,267,2026-09-20 16:48:08.379,2026-09-20 16:48:08.656,277,9,8,268
188,218,TRATAMENTO,ARQUIVO_AUSENTE,8,success,SUCESSO,267,267,2026-09-20 16:48:36.610,2026-09-20 16:48:36.891,281,8,8,273
189,219,TRATAMENTO,ARQUIVO_AUSENTE,9,success,SUCESSO,267,267,2026-09-20 16:49:05.804,2026-09-20 16:49:06.083,279,9,9,270
190,220,TRATAMENTO,ARQUIVO_AUSENTE,10,success,SUCESSO,267,267,2026-09-20 16:49:33.947,2026-09-20 16:49:34.232,285,10,10,275
191,221,TRATAMENTO,ARQUIVO_AUSENTE,11,success,SUCESSO,267,267,2026-09-20 16:50:06.316,2026-09-20 16:50:06.613,297,9,9,288
192,222,TRATAMENTO,ARQUIVO_AUSENTE,12,success,SUCESSO,267,267,2026-09-20 16:50:37.555,2026-09-20 16:50:37.841,286,9,9,277
193,223,TRATAMENTO,ARQUIVO_AUSENTE,13,success,SUCESSO,267,267,2026-09-20 16:51:09.772,2026-09-20 16:51:10.043,271,8,8,263
194,224,TRATAMENTO,ARQUIVO_AUSENTE,14,success,SUCESSO,267,267,2026-09-20 16:51:44.898,2026-09-20 16:51:45.189,291,9,9,282
195,225,TRATAMENTO,ARQUIVO_AUSENTE,15,success,SUCESSO,267,267,2026-09-20 16:52:20.218,2026-09-20 16:52:20.499,281,9,9,272
196,226,TRATAMENTO,ARQUIVO_AUSENTE,16,success,SUCESSO,267,267,2026-09-20 16:52:54.395,2026-09-20 16:52:54.679,284,8,8,276
197,227,TRATAMENTO,ARQUIVO_AUSENTE,17,success,SUCESSO,267,267,2026-09-20 16:53:29.626,2026-09-20 16:53:29.911,285,9,9,276
198,228,TRATAMENTO,ARQUIVO_AUSENTE,18,success,SUCESSO,267,267,2026-09-20 16:54:04.676,2026-09-20 16:54:04.955,279,9,9,270
199,229,TRATAMENTO,ARQUIVO_AUSENTE,19,success,SUCESSO,267,267,2026-09-20 16:54:42.821,2026-09-20 16:54:43.109,288,9,9,279
200,230,TRATAMENTO,ARQUIVO_AUSENTE,20,success,SUCESSO,267,267,2026-09-20 16:55:21.103,2026-09-20 16:55:21.349,246,8,8,238
201,231,TRATAMENTO,ARQUIVO_AUSENTE,21,success,SUCESSO,267,267,2026-09-20 16:55:59.299,2026-09-20 16:55:59.586,287,9,9,278
202,232,TRATAMENTO,ARQUIVO_AUSENTE,22,success,SUCESSO,267,267,2026-09-20 16:56:40.954,2026-09-20 16:56:41.220,266,9,9,257
203,233,TRATAMENTO,ARQUIVO_AUSENTE,23,success,SUCESSO,267,267,2026-09-20 16:57:22.278,2026-09-20 16:57:22.562,284,9,9,275
204,234,TRATAMENTO,ARQUIVO_AUSENTE,24,success,SUCESSO,267,267,2026-09-20 16:58:03.512,2026-09-20 16:58:03.764,252,8,8,244
205,235,TRATAMENTO,ARQUIVO_AUSENTE,25,success,SUCESSO,267,267,2026-09-20 16:58:44.672,2026-09-20 16:58:44.970,298,9,9,289
206,236,TRATAMENTO,ARQUIVO_AUSENTE,26,success,SUCESSO,267,267,2026-09-20 16:59:29.753,2026-09-20 16:59:30.042,289,9,9,280
207,237,TRATAMENTO,ARQUIVO_AUSENTE,27,success,SUCESSO,267,267,2026-09-20 17:00:13.764,2026-09-20 17:00:14.047,283,9,9,274
208,238,TRATAMENTO,ARQUIVO_AUSENTE,28,success,SUCESSO,267,267,2026-09-20 17:01:02.023,2026-09-20 17:01:02.302,279,9,9,270
209,239,TRATAMENTO,ARQUIVO_AUSENTE,29,success,SUCESSO,267,267,2026-09-20 17:01:49.444,2026-09-20 17:01:49.693,249,9,9,240
210,240,TRATAMENTO,ARQUIVO_AUSENTE,30,success,SUCESSO,267,267,2026-09-20 17:02:36.879,2026-09-20 17:02:37.125,246,9,9,237
211,241,BASELINE,NENHUMA,1,success,SUCESSO,267,267,2026-09-26 17:42:52.752,2026-09-26 17:42:53.035,283,0,,283
212,242,BASELINE,NENHUMA,2,success,SUCESSO,267,267,2026-09-26 17:43:52.831,2026-09-26 17:43:53.092,261,0,,261
213,243,BASELINE,NENHUMA,3,success,SUCESSO,267,267,2026-09-26 17:44:47.153,2026-09-26 17:44:47.432,279,0,,279
214,244,BASELINE,NENHUMA,4,success,SUCESSO,267,267,2026-09-26 17:45:43.664,2026-09-26 17:45:43.901,237,0,,237
215,245,BASELINE,NENHUMA,5,success,SUCESSO,267,267,2026-09-26 17:46:41.306,2026-09-26 17:46:41.570,264,0,,264
216,246,BASELINE,NENHUMA,6,success,SUCESSO,267,267,2026-09-26 17:47:39.350,2026-09-26 17:47:39.616,266,0,,266
217,247,BASELINE,NENHUMA,7,success,SUCESSO,267,267,2026-09-26 17:48:39.486,2026-09-26 17:48:39.748,262,0,,262
218,248,BASELINE,NENHUMA,8,success,SUCESSO,267,267,2026-09-26 17:49:40.703,2026-09-26 17:49:40.964,261,0,,261
219,249,BASELINE,NENHUMA,9,success,SUCESSO,267,267,2026-09-26 17:50:44.503,2026-09-26 17:50:44.774,271,0,,271
220,250,BASELINE,NENHUMA,10,success,SUCESSO,267,267,2026-09-26 17:51:48.015,2026-09-26 17:51:48.282,267,0,,267
221,251,BASELINE,NENHUMA,11,success,SUCESSO,267,267,2026-09-26 17:52:54.626,2026-09-26 17:52:54.894,268,0,,268
222,252,BASELINE,NENHUMA,12,success,SUCESSO,267,267,2026-09-26 17:54:04.068,2026-09-26 17:54:04.349,281,0,,281
223,253,BASELINE,NENHUMA,13,success,SUCESSO,267,267,2026-09-26 17:55:13.479,2026-09-26 17:55:13.745,266,0,,266
224,254,BASELINE,NENHUMA,14,success,SUCESSO,267,267,2026-09-26 17:56:25.532,2026-09-26 17:56:25.797,265,0,,265
225,255,BASELINE,NENHUMA,15,success,SUCESSO,267,267,2026-09-26 17:57:39.563,2026-09-26 17:57:39.832,269,0,,269
226,256,BASELINE,NENHUMA,16,success,SUCESSO,267,267,2026-09-26 17:58:55.341,2026-09-26 17:58:55.610,269,0,,269
227,257,BASELINE,NENHUMA,17,success,SUCESSO,267,267,2026-09-26 18:00:12.031,2026-09-26 18:00:12.302,271,0,,271
228,258,BASELINE,NENHUMA,18,success,SUCESSO,267,267,2026-09-26 18:01:29.992,2026-09-26 18:01:30.258,266,0,,266
229,259,BASELINE,NENHUMA,19,success,SUCESSO,267,267,2026-09-26 18:02:53.330,2026-09-26 18:02:53.600,270,0,,270
230,260,BASELINE,NENHUMA,20,success,SUCESSO,267,267,2026-09-26 18:04:14.852,2026-09-26 18:04:15.116,264,1,,263
231,261,BASELINE,NENHUMA,21,success,SUCESSO,267,267,2026-09-26 18:05:37.362,2026-09-26 18:05:37.632,270,0,,270
232,262,BASELINE,NENHUMA,22,success,SUCESSO,267,267,2026-09-26 18:07:06.098,2026-09-26 18:07:06.368,270,1,,269
233,263,BASELINE,NENHUMA,23,success,SUCESSO,267,267,2026-09-26 18:08:34.741,2026-09-26 18:08:35.019,278,0,,278
234,264,BASELINE,NENHUMA,24,success,SUCESSO,267,267,2026-09-26 18:10:09.239,2026-09-26 18:10:09.522,283,0,,283
235,265,BASELINE,NENHUMA,25,success,SUCESSO,267,267,2026-09-26 18:11:54.839,2026-09-26 18:11:55.136,297,0,,297
236,266,BASELINE,NENHUMA,26,success,SUCESSO,267,267,2026-09-26 18:13:41.488,2026-09-26 18:13:41.763,275,0,,275
237,267,BASELINE,NENHUMA,27,success,SUCESSO,267,267,2026-09-26 18:15:30.154,2026-09-26 18:15:30.445,291,0,,291
238,268,BASELINE,NENHUMA,28,success,SUCESSO,267,267,2026-09-26 18:17:21.857,2026-09-26 18:17:22.122,265,0,,265
239,269,BASELINE,NENHUMA,29,success,SUCESSO,267,267,2026-09-26 18:19:12.508,2026-09-26 18:19:12.793,285,0,,285
240,270,BASELINE,NENHUMA,30,success,SUCESSO,267,267,2026-09-26 18:21:10.950,2026-09-26 18:21:11.230,280,0,,280
241,271,TRATAMENTO,NENHUMA,1,success,SUCESSO,267,267,2026-09-26 18:23:23.025,2026-09-26 18:23:23.313,288,9,9,279
242,272,TRATAMENTO,NENHUMA,2,success,SUCESSO,267,267,2026-09-26 18:25:20.305,2026-09-26 18:25:20.604,299,9,9,290
243,273,TRATAMENTO,NENHUMA,3,success,SUCESSO,267,267,2026-09-26 18:27:29.733,2026-09-26 18:27:30.017,284,9,9,275
244,274,TRATAMENTO,NENHUMA,4,success,SUCESSO,267,267,2026-09-26 18:29:33.454,2026-09-26 18:29:33.741,287,9,9,278
245,275,TRATAMENTO,NENHUMA,5,success,SUCESSO,267,267,2026-09-26 18:31:50.244,2026-09-26 18:31:50.532,288,10,10,278
246,276,TRATAMENTO,NENHUMA,6,success,SUCESSO,267,267,2026-09-26 18:34:00.394,2026-09-26 18:34:00.693,299,10,10,289
247,277,TRATAMENTO,NENHUMA,7,success,SUCESSO,267,267,2026-09-26 18:36:13.885,2026-09-26 18:36:14.169,284,10,10,274
248,278,TRATAMENTO,NENHUMA,8,success,SUCESSO,267,267,2026-09-26 18:38:42.600,2026-09-26 18:38:42.882,282,9,9,273
249,279,TRATAMENTO,NENHUMA,9,success,SUCESSO,267,267,2026-09-26 18:41:03.756,2026-09-26 18:41:04.049,293,9,9,284
250,280,TRATAMENTO,NENHUMA,10,success,SUCESSO,267,267,2026-09-26 18:43:35.438,2026-09-26 18:43:35.737,299,9,9,290
251,281,TRATAMENTO,NENHUMA,11,success,SUCESSO,267,267,2026-09-26 18:46:02.613,2026-09-26 18:46:02.906,293,8,8,285
252,282,TRATAMENTO,NENHUMA,12,success,SUCESSO,267,267,2026-09-26 18:48:42.255,2026-09-26 18:48:42.546,291,9,9,282
253,283,TRATAMENTO,NENHUMA,13,success,SUCESSO,267,267,2026-09-26 18:51:29.118,2026-09-26 18:51:29.400,282,9,9,273
254,284,TRATAMENTO,NENHUMA,14,success,SUCESSO,267,267,2026-09-26 18:54:10.494,2026-09-26 18:54:10.787,293,10,10,283
255,285,TRATAMENTO,NENHUMA,15,success,SUCESSO,267,267,2026-09-26 18:56:57.225,2026-09-26 18:56:57.504,279,9,9,270
256,286,TRATAMENTO,NENHUMA,16,success,SUCESSO,267,267,2026-09-26 18:59:48.893,2026-09-26 18:59:49.199,306,8,8,298
257,287,TRATAMENTO,NENHUMA,17,success,SUCESSO,267,267,2026-09-26 19:02:45.704,2026-09-26 19:02:46.010,306,8,8,298
258,288,TRATAMENTO,NENHUMA,18,success,SUCESSO,267,267,2026-09-26 19:05:42.215,2026-09-26 19:05:42.490,275,8,8,267
259,289,TRATAMENTO,NENHUMA,19,success,SUCESSO,267,267,2026-09-26 19:08:57.680,2026-09-26 19:08:57.954,274,8,8,266
260,290,TRATAMENTO,NENHUMA,20,success,SUCESSO,267,267,2026-09-26 19:12:12.760,2026-09-26 19:12:13.050,290,9,9,281
261,291,TRATAMENTO,NENHUMA,21,success,SUCESSO,267,267,2026-09-26 19:15:44.213,2026-09-26 19:15:44.498,285,8,8,277
262,292,TRATAMENTO,NENHUMA,22,success,SUCESSO,267,267,2026-09-26 19:19:28.784,2026-09-26 19:19:29.072,288,9,9,279
263,293,TRATAMENTO,NENHUMA,23,success,SUCESSO,267,267,2026-09-26 19:22:56.002,2026-09-26 19:22:56.281,279,8,8,271
264,294,TRATAMENTO,NENHUMA,24,success,SUCESSO,267,267,2026-09-26 19:26:23.517,2026-09-26 19:26:23.806,289,9,9,280
265,295,TRATAMENTO,NENHUMA,25,success,SUCESSO,267,267,2026-09-26 19:30:00.070,2026-09-26 19:30:00.341,271,9,9,262
266,296,TRATAMENTO,NENHUMA,26,success,SUCESSO,267,267,2026-09-26 19:33:39.315,2026-09-26 19:33:39.595,280,9,9,271
267,297,TRATAMENTO,NENHUMA,27,success,SUCESSO,267,267,2026-09-26 19:37:21.537,2026-09-26 19:37:21.825,288,9,9,279
268,298,TRATAMENTO,NENHUMA,28,success,SUCESSO,267,267,2026-09-26 19:41:11.908,2026-09-26 19:41:12.191,283,9,9,274
269,299,TRATAMENTO,NENHUMA,29,success,SUCESSO,267,267,2026-09-26 19:45:01.575,2026-09-26 19:45:01.854,279,9,9,270
270,300,TRATAMENTO,NENHUMA,30,success,SUCESSO,267,267,2026-09-26 19:49:01.038,2026-09-26 19:49:01.322,284,9,8,275
