metrica,grupo,cenario,n,media_ms,dp_ms,min_ms,max_ms,mediana_ms
tempo_ingestao_ms,BASELINE,NENHUMA,30,271.13,11.12,237.00,297.00,269.50
tempo_ingestao_ms,TRATAMENTO,NENHUMA,30,287.27,8.71,271.00,306.00,287.50
tempo_ingestao_ms,TRATAMENTO,CONEXAO,30,279.93,7.18,254.00,301.00,280.00
tempo_ingestao_ms,TRATAMENTO,DADOS_NULOS,30,281.93,11.76,254.00,325.00,282.00
tempo_ingestao_ms,TRATAMENTO,ARQUIVO_AUSENTE,30,278.47,13.77,246.00,298.00,281.50
pre_leitura_ms,BASELINE,NENHUMA,30,0.07,0.25,0.00,1.00,0.00
pre_leitura_ms,TRATAMENTO,NENHUMA,30,8.90,0.61,8.00,10.00,9.00
pre_leitura_ms,TRATAMENTO,CONEXAO,30,9.30,0.53,9.00,11.00,9.00
pre_leitura_ms,TRATAMENTO,DADOS_NULOS,30,9.00,0.53,8.00,10.00,9.00
pre_leitura_ms,TRATAMENTO,ARQUIVO_AUSENTE,30,8.87,0.51,8.00,10.00,9.00
leitura_ate_concluida_ms,BASELINE,NENHUMA,30,271.07,11.15,237.00,297.00,269.00
leitura_ate_concluida_ms,TRATAMENTO,NENHUMA,30,278.37,8.70,262.00,298.00,278.00
leitura_ate_concluida_ms,TRATAMENTO,CONEXAO,30,270.63,7.40,243.00,292.00,270.50
leitura_ate_concluida_ms,TRATAMENTO,DADOS_NULOS,30,272.93,12.03,244.00,317.00,273.00
leitura_ate_concluida_ms,TRATAMENTO,ARQUIVO_AUSENTE,30,269.60,13.58,237.00,289.00,273.00
validacao_schema_ms,TRATAMENTO,NENHUMA,30,8.87,0.63,8.00,10.00,9.00
validacao_schema_ms,TRATAMENTO,CONEXAO,30,9.20,0.48,8.00,10.00,9.00
validacao_schema_ms,TRATAMENTO,DADOS_NULOS,30,8.90,0.61,8.00,10.00,9.00
validacao_schema_ms,TRATAMENTO,ARQUIVO_AUSENTE,30,8.83,0.53,8.00,10.00,9.00
