id_experimento,grupo,tipo_falha_injetada,id_carga_afetada,iteracao,timestamp_injecao,observacoes,id_carga,nome_arquivo,data_inicio,data_fim,qtd_registros,status,mensagem_erro,tipo_falha,tentativas_recuperacao,tempo_recuperacao_ms,resolvido_automaticamente,mecanismo_utilizado,qtd_registros_quarentena
1,BASELINE,CONEXAO,,1,2026-09-20 15:56:30.689256,failed,,,,,,,,,,,,,
2,BASELINE,CONEXAO,,2,2026-09-20 15:56:49.358578,failed,,,,,,,,,,,,,
3,BASELINE,CONEXAO,,3,2026-09-20 15:57:07.983906,failed,,,,,,,,,,,,,
4,BASELINE,CONEXAO,,4,2026-09-20 15:57:26.632145,failed,,,,,,,,,,,,,
5,BASELINE,CONEXAO,,5,2026-09-20 15:57:45.263964,failed,,,,,,,,,,,,,
6,BASELINE,CONEXAO,,6,2026-09-20 15:58:03.88388,failed,,,,,,,,,,,,,
7,BASELINE,CONEXAO,,7,2026-09-20 15:58:22.500281,failed,,,,,,,,,,,,,
8,BASELINE,CONEXAO,,8,2026-09-20 15:58:41.134954,failed,,,,,,,,,,,,,
9,BASELINE,CONEXAO,,9,2026-09-20 15:58:59.768714,failed,,,,,,,,,,,,,
10,BASELINE,CONEXAO,,10,2026-09-20 15:59:18.4146,failed,,,,,,,,,,,,,
11,BASELINE,CONEXAO,,11,2026-09-20 15:59:37.079723,failed,,,,,,,,,,,,,
12,BASELINE,CONEXAO,,12,2026-09-20 15:59:55.691713,failed,,,,,,,,,,,,,
13,BASELINE,CONEXAO,,13,2026-09-20 16:00:14.314155,failed,,,,,,,,,,,,,
14,BASELINE,CONEXAO,,14,2026-09-20 16:00:32.95079,failed,,,,,,,,,,,,,
15,BASELINE,CONEXAO,,15,2026-09-20 16:00:51.641974,failed,,,,,,,,,,,,,
16,BASELINE,CONEXAO,,16,2026-09-20 16:01:10.292492,failed,,,,,,,,,,,,,
17,BASELINE,CONEXAO,,17,2026-09-20 16:01:28.950704,failed,,,,,,,,,,,,,
18,BASELINE,CONEXAO,,18,2026-09-20 16:01:47.597087,failed,,,,,,,,,,,,,
19,BASELINE,CONEXAO,,19,2026-09-20 16:02:06.310925,failed,,,,,,,,,,,,,
20,BASELINE,CONEXAO,,20,2026-09-20 16:02:24.97637,failed,,,,,,,,,,,,,
21,BASELINE,CONEXAO,,21,2026-09-20 16:02:43.643063,failed,,,,,,,,,,,,,
22,BASELINE,CONEXAO,,22,2026-09-20 16:03:02.329201,failed,,,,,,,,,,,,,
23,BASELINE,CONEXAO,,23,2026-09-20 16:03:20.937816,failed,,,,,,,,,,,,,
24,BASELINE,CONEXAO,,24,2026-09-20 16:03:39.591528,failed,,,,,,,,,,,,,
25,BASELINE,CONEXAO,,25,2026-09-20 16:03:58.255946,failed,,,,,,,,,,,,,
26,BASELINE,CONEXAO,,26,2026-09-20 16:04:16.894747,failed,,,,,,,,,,,,,
27,BASELINE,CONEXAO,,27,2026-09-20 16:04:35.508621,failed,,,,,,,,,,,,,
28,BASELINE,CONEXAO,,28,2026-09-20 16:04:54.207763,failed,,,,,,,,,,,,,
29,BASELINE,CONEXAO,,29,2026-09-20 16:05:12.840541,failed,,,,,,,,,,,,,
30,BASELINE,CONEXAO,,30,2026-09-20 16:05:31.527901,failed,,,,,,,,,,,,,
31,BASELINE,SCHEMA,1,1,2026-09-20 16:05:50.627255,failed,1,Amostra_Base_Dados.csv,2026-09-20 16:05:52.639427,2026-09-20 16:05:52.676171,,ERRO,Campos obrigatórios nulos: ['VALOR_FATURA'],DADOS_NULOS,1,7,f,NENHUM,0
32,BASELINE,SCHEMA,2,2,2026-09-20 16:05:57.296345,failed,2,Amostra_Base_Dados.csv,2026-09-20 16:06:00.037306,2026-09-20 16:06:00.071877,,ERRO,Campos obrigatórios nulos: ['VALOR_FATURA'],DADOS_NULOS,1,6,f,NENHUM,0
33,BASELINE,SCHEMA,3,3,2026-09-20 16:06:07.132599,failed,3,Amostra_Base_Dados.csv,2026-09-20 16:06:10.067518,2026-09-20 16:06:10.109499,,ERRO,Campos obrigatórios nulos: ['VALOR_FATURA'],DADOS_NULOS,1,7,f,NENHUM,0
34,BASELINE,SCHEMA,4,4,2026-09-20 16:06:16.946961,failed,4,Amostra_Base_Dados.csv,2026-09-20 16:06:20.129114,2026-09-20 16:06:20.165926,,ERRO,Campos obrigatórios nulos: ['VALOR_FATURA'],DADOS_NULOS,1,5,f,NENHUM,0
35,BASELINE,SCHEMA,5,5,2026-09-20 16:06:26.765898,failed,5,Amostra_Base_Dados.csv,2026-09-20 16:06:29.353409,2026-09-20 16:06:29.390249,,ERRO,Campos obrigatórios nulos: ['VALOR_FATURA'],DADOS_NULOS,1,6,f,NENHUM,0
36,BASELINE,SCHEMA,6,6,2026-09-20 16:06:36.563619,failed,6,Amostra_Base_Dados.csv,2026-09-20 16:06:39.239659,2026-09-20 16:06:39.274614,,ERRO,Campos obrigatórios nulos: ['VALOR_FATURA'],DADOS_NULOS,1,6,f,NENHUM,0
37,BASELINE,SCHEMA,7,7,2026-09-20 16:06:46.352754,failed,7,Amostra_Base_Dados.csv,2026-09-20 16:06:49.458447,2026-09-20 16:06:49.495163,,ERRO,Campos obrigatórios nulos: ['VALOR_FATURA'],DADOS_NULOS,1,6,f,NENHUM,0
38,BASELINE,SCHEMA,8,8,2026-09-20 16:06:56.163536,failed,8,Amostra_Base_Dados.csv,2026-09-20 16:06:59.511623,2026-09-20 16:06:59.546823,,ERRO,Campos obrigatórios nulos: ['VALOR_FATURA'],DADOS_NULOS,1,6,f,NENHUM,0
39,BASELINE,SCHEMA,9,9,2026-09-20 16:07:05.983695,failed,9,Amostra_Base_Dados.csv,2026-09-20 16:07:09.271648,2026-09-20 16:07:09.306699,,ERRO,Campos obrigatórios nulos: ['VALOR_FATURA'],DADOS_NULOS,1,5,f,NENHUM,0
40,BASELINE,SCHEMA,10,10,2026-09-20 16:07:15.784244,failed,10,Amostra_Base_Dados.csv,2026-09-20 16:07:18.610077,2026-09-20 16:07:18.645824,,ERRO,Campos obrigatórios nulos: ['VALOR_FATURA'],DADOS_NULOS,1,6,f,NENHUM,0
41,BASELINE,SCHEMA,11,11,2026-09-20 16:07:25.6,failed,11,Amostra_Base_Dados.csv,2026-09-20 16:07:28.709431,2026-09-20 16:07:28.745176,,ERRO,Campos obrigatórios nulos: ['VALOR_FATURA'],DADOS_NULOS,1,6,f,NENHUM,0
42,BASELINE,SCHEMA,12,12,2026-09-20 16:07:35.414704,failed,12,Amostra_Base_Dados.csv,2026-09-20 16:07:38.339863,2026-09-20 16:07:38.375783,,ERRO,Campos obrigatórios nulos: ['VALOR_FATURA'],DADOS_NULOS,1,6,f,NENHUM,0
43,BASELINE,SCHEMA,13,13,2026-09-20 16:07:45.233316,failed,13,Amostra_Base_Dados.csv,2026-09-20 16:07:47.962654,2026-09-20 16:07:47.998415,,ERRO,Campos obrigatórios nulos: ['VALOR_FATURA'],DADOS_NULOS,1,6,f,NENHUM,0
44,BASELINE,SCHEMA,14,14,2026-09-20 16:07:55.047788,failed,14,Amostra_Base_Dados.csv,2026-09-20 16:07:57.853963,2026-09-20 16:07:57.891132,,ERRO,Campos obrigatórios nulos: ['VALOR_FATURA'],DADOS_NULOS,1,6,f,NENHUM,0
45,BASELINE,SCHEMA,15,15,2026-09-20 16:08:04.851526,failed,15,Amostra_Base_Dados.csv,2026-09-20 16:08:07.273504,2026-09-20 16:08:07.308857,,ERRO,Campos obrigatórios nulos: ['VALOR_FATURA'],DADOS_NULOS,1,6,f,NENHUM,0
46,BASELINE,SCHEMA,16,16,2026-09-20 16:08:14.650035,failed,16,Amostra_Base_Dados.csv,2026-09-20 16:08:17.9733,2026-09-20 16:08:18.011306,,ERRO,Campos obrigatórios nulos: ['VALOR_FATURA'],DADOS_NULOS,1,6,f,NENHUM,0
47,BASELINE,SCHEMA,17,17,2026-09-20 16:08:24.454836,failed,17,Amostra_Base_Dados.csv,2026-09-20 16:08:27.03749,2026-09-20 16:08:27.073547,,ERRO,Campos obrigatórios nulos: ['VALOR_FATURA'],DADOS_NULOS,1,6,f,NENHUM,0
48,BASELINE,SCHEMA,18,18,2026-09-20 16:08:34.266431,failed,18,Amostra_Base_Dados.csv,2026-09-20 16:08:37.104164,2026-09-20 16:08:37.139889,,ERRO,Campos obrigatórios nulos: ['VALOR_FATURA'],DADOS_NULOS,1,6,f,NENHUM,0
49,BASELINE,SCHEMA,19,19,2026-09-20 16:08:44.066254,failed,19,Amostra_Base_Dados.csv,2026-09-20 16:08:47.18104,2026-09-20 16:08:47.216262,,ERRO,Campos obrigatórios nulos: ['VALOR_FATURA'],DADOS_NULOS,1,6,f,NENHUM,0
50,BASELINE,SCHEMA,20,20,2026-09-20 16:08:53.88308,failed,20,Amostra_Base_Dados.csv,2026-09-20 16:08:57.250171,2026-09-20 16:08:57.287335,,ERRO,Campos obrigatórios nulos: ['VALOR_FATURA'],DADOS_NULOS,1,6,f,NENHUM,0
51,BASELINE,SCHEMA,21,21,2026-09-20 16:09:03.717422,failed,21,Amostra_Base_Dados.csv,2026-09-20 16:09:06.254832,2026-09-20 16:09:06.30298,,ERRO,Campos obrigatórios nulos: ['VALOR_FATURA'],DADOS_NULOS,1,6,f,NENHUM,0
52,BASELINE,SCHEMA,22,22,2026-09-20 16:09:13.534221,failed,22,Amostra_Base_Dados.csv,2026-09-20 16:09:16.331226,2026-09-20 16:09:16.365717,,ERRO,Campos obrigatórios nulos: ['VALOR_FATURA'],DADOS_NULOS,1,6,f,NENHUM,0
53,BASELINE,SCHEMA,23,23,2026-09-20 16:09:23.371855,failed,23,Amostra_Base_Dados.csv,2026-09-20 16:09:26.329379,2026-09-20 16:09:26.36522,,ERRO,Campos obrigatórios nulos: ['VALOR_FATURA'],DADOS_NULOS,1,6,f,NENHUM,0
54,BASELINE,SCHEMA,24,24,2026-09-20 16:09:33.192281,failed,24,Amostra_Base_Dados.csv,2026-09-20 16:09:36.352271,2026-09-20 16:09:36.389455,,ERRO,Campos obrigatórios nulos: ['VALOR_FATURA'],DADOS_NULOS,1,6,f,NENHUM,0
55,BASELINE,SCHEMA,25,25,2026-09-20 16:09:42.995311,failed,25,Amostra_Base_Dados.csv,2026-09-20 16:09:46.385273,2026-09-20 16:09:46.422054,,ERRO,Campos obrigatórios nulos: ['VALOR_FATURA'],DADOS_NULOS,1,6,f,NENHUM,0
56,BASELINE,SCHEMA,26,26,2026-09-20 16:09:52.828908,failed,26,Amostra_Base_Dados.csv,2026-09-20 16:09:55.400943,2026-09-20 16:09:55.435765,,ERRO,Campos obrigatórios nulos: ['VALOR_FATURA'],DADOS_NULOS,1,6,f,NENHUM,0
57,BASELINE,SCHEMA,27,27,2026-09-20 16:10:02.655636,failed,27,Amostra_Base_Dados.csv,2026-09-20 16:10:05.416083,2026-09-20 16:10:05.451125,,ERRO,Campos obrigatórios nulos: ['VALOR_FATURA'],DADOS_NULOS,1,5,f,NENHUM,0
58,BASELINE,SCHEMA,28,28,2026-09-20 16:10:12.465608,failed,28,Amostra_Base_Dados.csv,2026-09-20 16:10:15.441606,2026-09-20 16:10:15.476756,,ERRO,Campos obrigatórios nulos: ['VALOR_FATURA'],DADOS_NULOS,1,6,f,NENHUM,0
59,BASELINE,SCHEMA,29,29,2026-09-20 16:10:22.281924,failed,29,Amostra_Base_Dados.csv,2026-09-20 16:10:25.457033,2026-09-20 16:10:25.495289,,ERRO,Campos obrigatórios nulos: ['VALOR_FATURA'],DADOS_NULOS,1,7,f,NENHUM,0
60,BASELINE,SCHEMA,30,30,2026-09-20 16:10:32.072887,failed,30,Amostra_Base_Dados.csv,2026-09-20 16:10:34.566261,2026-09-20 16:10:34.602664,,ERRO,Campos obrigatórios nulos: ['VALOR_FATURA'],DADOS_NULOS,1,6,f,NENHUM,0
61,BASELINE,DADOS_NULOS,31,1,2026-09-20 16:10:42.324873,failed,31,Amostra_Base_Dados.csv,2026-09-20 16:10:45.528446,2026-09-20 16:10:45.577052,,ERRO,Campos obrigatórios nulos: ['VALOR_FATURA'],DADOS_NULOS,1,6,f,NENHUM,0
62,BASELINE,DADOS_NULOS,32,2,2026-09-20 16:10:52.136358,failed,32,Amostra_Base_Dados.csv,2026-09-20 16:10:54.549857,2026-09-20 16:10:54.596959,,ERRO,Campos obrigatórios nulos: ['VALOR_FATURA'],DADOS_NULOS,1,6,f,NENHUM,0
63,BASELINE,DADOS_NULOS,33,3,2026-09-20 16:11:01.965078,failed,33,Amostra_Base_Dados.csv,2026-09-20 16:11:04.615755,2026-09-20 16:11:04.664296,,ERRO,Campos obrigatórios nulos: ['VALOR_FATURA'],DADOS_NULOS,1,6,f,NENHUM,0
64,BASELINE,DADOS_NULOS,34,4,2026-09-20 16:11:11.787563,failed,34,Amostra_Base_Dados.csv,2026-09-20 16:11:14.589109,2026-09-20 16:11:14.636139,,ERRO,Campos obrigatórios nulos: ['VALOR_FATURA'],DADOS_NULOS,1,6,f,NENHUM,0
65,BASELINE,DADOS_NULOS,35,5,2026-09-20 16:11:21.616399,failed,35,Amostra_Base_Dados.csv,2026-09-20 16:11:24.638428,2026-09-20 16:11:24.685707,,ERRO,Campos obrigatórios nulos: ['VALOR_FATURA'],DADOS_NULOS,1,6,f,NENHUM,0
66,BASELINE,DADOS_NULOS,36,6,2026-09-20 16:11:31.43206,failed,36,Amostra_Base_Dados.csv,2026-09-20 16:11:34.687585,2026-09-20 16:11:34.737161,,ERRO,Campos obrigatórios nulos: ['VALOR_FATURA'],DADOS_NULOS,1,6,f,NENHUM,0
67,BASELINE,DADOS_NULOS,37,7,2026-09-20 16:11:41.28074,failed,37,Amostra_Base_Dados.csv,2026-09-20 16:11:44.683592,2026-09-20 16:11:44.737643,,ERRO,Campos obrigatórios nulos: ['VALOR_FATURA'],DADOS_NULOS,1,6,f,NENHUM,0
68,BASELINE,DADOS_NULOS,38,8,2026-09-20 16:11:51.143417,failed,38,Amostra_Base_Dados.csv,2026-09-20 16:11:53.653614,2026-09-20 16:11:53.702134,,ERRO,Campos obrigatórios nulos: ['VALOR_FATURA'],DADOS_NULOS,1,6,f,NENHUM,0
69,BASELINE,DADOS_NULOS,39,9,2026-09-20 16:12:00.95697,failed,39,Amostra_Base_Dados.csv,2026-09-20 16:12:03.445249,2026-09-20 16:12:03.490661,,ERRO,Campos obrigatórios nulos: ['VALOR_FATURA'],DADOS_NULOS,1,6,f,NENHUM,0
70,BASELINE,DADOS_NULOS,40,10,2026-09-20 16:12:10.778445,failed,40,Amostra_Base_Dados.csv,2026-09-20 16:12:13.5263,2026-09-20 16:12:13.57558,,ERRO,Campos obrigatórios nulos: ['VALOR_FATURA'],DADOS_NULOS,1,7,f,NENHUM,0
71,BASELINE,DADOS_NULOS,41,11,2026-09-20 16:12:20.576132,failed,41,Amostra_Base_Dados.csv,2026-09-20 16:12:22.762224,2026-09-20 16:12:22.808103,,ERRO,Campos obrigatórios nulos: ['VALOR_FATURA'],DADOS_NULOS,1,6,f,NENHUM,0
72,BASELINE,DADOS_NULOS,42,12,2026-09-20 16:12:30.432108,failed,42,Amostra_Base_Dados.csv,2026-09-20 16:12:33.673086,2026-09-20 16:12:33.721269,,ERRO,Campos obrigatórios nulos: ['VALOR_FATURA'],DADOS_NULOS,1,6,f,NENHUM,0
73,BASELINE,DADOS_NULOS,43,13,2026-09-20 16:12:40.259515,failed,43,Amostra_Base_Dados.csv,2026-09-20 16:12:42.653232,2026-09-20 16:12:42.703811,,ERRO,Campos obrigatórios nulos: ['VALOR_FATURA'],DADOS_NULOS,1,6,f,NENHUM,0
74,BASELINE,DADOS_NULOS,44,14,2026-09-20 16:12:50.066036,failed,44,Amostra_Base_Dados.csv,2026-09-20 16:12:52.740892,2026-09-20 16:12:52.789169,,ERRO,Campos obrigatórios nulos: ['VALOR_FATURA'],DADOS_NULOS,1,6,f,NENHUM,0
75,BASELINE,DADOS_NULOS,45,15,2026-09-20 16:12:59.89401,failed,45,Amostra_Base_Dados.csv,2026-09-20 16:13:02.825454,2026-09-20 16:13:02.877238,,ERRO,Campos obrigatórios nulos: ['VALOR_FATURA'],DADOS_NULOS,1,6,f,NENHUM,0
76,BASELINE,DADOS_NULOS,46,16,2026-09-20 16:13:09.719652,failed,46,Amostra_Base_Dados.csv,2026-09-20 16:13:12.881064,2026-09-20 16:13:12.928435,,ERRO,Campos obrigatórios nulos: ['VALOR_FATURA'],DADOS_NULOS,1,6,f,NENHUM,0
77,BASELINE,DADOS_NULOS,47,17,2026-09-20 16:13:19.53042,failed,47,Amostra_Base_Dados.csv,2026-09-20 16:13:22.297002,2026-09-20 16:13:22.345515,,ERRO,Campos obrigatórios nulos: ['VALOR_FATURA'],DADOS_NULOS,1,7,f,NENHUM,0
78,BASELINE,DADOS_NULOS,48,18,2026-09-20 16:13:29.354251,failed,48,Amostra_Base_Dados.csv,2026-09-20 16:13:32.13349,2026-09-20 16:13:32.179824,,ERRO,Campos obrigatórios nulos: ['VALOR_FATURA'],DADOS_NULOS,1,6,f,NENHUM,0
79,BASELINE,DADOS_NULOS,49,19,2026-09-20 16:13:39.211247,failed,49,Amostra_Base_Dados.csv,2026-09-20 16:13:42.202112,2026-09-20 16:13:42.250205,,ERRO,Campos obrigatórios nulos: ['VALOR_FATURA'],DADOS_NULOS,1,6,f,NENHUM,0
80,BASELINE,DADOS_NULOS,50,20,2026-09-20 16:13:49.052935,failed,50,Amostra_Base_Dados.csv,2026-09-20 16:13:52.274021,2026-09-20 16:13:52.322033,,ERRO,Campos obrigatórios nulos: ['VALOR_FATURA'],DADOS_NULOS,1,6,f,NENHUM,0
81,BASELINE,DADOS_NULOS,51,21,2026-09-20 16:13:58.896812,failed,51,Amostra_Base_Dados.csv,2026-09-20 16:14:01.328229,2026-09-20 16:14:01.376147,,ERRO,Campos obrigatórios nulos: ['VALOR_FATURA'],DADOS_NULOS,1,6,f,NENHUM,0
82,BASELINE,DADOS_NULOS,52,22,2026-09-20 16:14:08.711448,failed,52,Amostra_Base_Dados.csv,2026-09-20 16:14:11.370743,2026-09-20 16:14:11.41864,,ERRO,Campos obrigatórios nulos: ['VALOR_FATURA'],DADOS_NULOS,1,6,f,NENHUM,0
83,BASELINE,DADOS_NULOS,53,23,2026-09-20 16:14:18.534899,failed,53,Amostra_Base_Dados.csv,2026-09-20 16:14:21.281553,2026-09-20 16:14:21.330507,,ERRO,Campos obrigatórios nulos: ['VALOR_FATURA'],DADOS_NULOS,1,6,f,NENHUM,0
84,BASELINE,DADOS_NULOS,54,24,2026-09-20 16:14:28.347688,failed,54,Amostra_Base_Dados.csv,2026-09-20 16:14:31.504983,2026-09-20 16:14:31.554149,,ERRO,Campos obrigatórios nulos: ['VALOR_FATURA'],DADOS_NULOS,1,6,f,NENHUM,0
85,BASELINE,DADOS_NULOS,55,25,2026-09-20 16:14:38.495487,failed,55,Amostra_Base_Dados.csv,2026-09-20 16:14:41.592944,2026-09-20 16:14:41.639974,,ERRO,Campos obrigatórios nulos: ['VALOR_FATURA'],DADOS_NULOS,1,6,f,NENHUM,0
86,BASELINE,DADOS_NULOS,56,26,2026-09-20 16:14:48.338418,failed,56,Amostra_Base_Dados.csv,2026-09-20 16:14:51.658682,2026-09-20 16:14:51.706409,,ERRO,Campos obrigatórios nulos: ['VALOR_FATURA'],DADOS_NULOS,1,6,f,NENHUM,0
87,BASELINE,DADOS_NULOS,57,27,2026-09-20 16:14:58.167717,failed,57,Amostra_Base_Dados.csv,2026-09-20 16:15:00.695773,2026-09-20 16:15:00.740761,,ERRO,Campos obrigatórios nulos: ['VALOR_FATURA'],DADOS_NULOS,1,6,f,NENHUM,0
88,BASELINE,DADOS_NULOS,58,28,2026-09-20 16:15:07.973515,failed,58,Amostra_Base_Dados.csv,2026-09-20 16:15:10.75863,2026-09-20 16:15:10.806337,,ERRO,Campos obrigatórios nulos: ['VALOR_FATURA'],DADOS_NULOS,1,6,f,NENHUM,0
89,BASELINE,DADOS_NULOS,59,29,2026-09-20 16:15:17.784434,failed,59,Amostra_Base_Dados.csv,2026-09-20 16:15:20.829619,2026-09-20 16:15:20.877917,,ERRO,Campos obrigatórios nulos: ['VALOR_FATURA'],DADOS_NULOS,1,6,f,NENHUM,0
90,BASELINE,DADOS_NULOS,60,30,2026-09-20 16:15:27.605769,failed,60,Amostra_Base_Dados.csv,2026-09-20 16:15:30.895624,2026-09-20 16:15:30.940222,,ERRO,Campos obrigatórios nulos: ['VALOR_FATURA'],DADOS_NULOS,1,6,f,NENHUM,0
91,BASELINE,ARQUIVO_AUSENTE,61,1,2026-09-20 16:15:37.888355,failed,61,(ausente),2026-09-20 16:15:39.142849,2026-09-20 16:15:39.142849,,ERRO,Arquivo primário '/opt/airflow/data/input/Amostra_Base_Dados.csv' não encontrado (fallback desativado: FEATURE_AUTOCORRECAO=OFF),ARQUIVO_AUSENTE,1,5,f,FALLBACK_ARQUIVO,0
92,BASELINE,ARQUIVO_AUSENTE,62,2,2026-09-20 16:15:47.722457,failed,62,(ausente),2026-09-20 16:15:49.19107,2026-09-20 16:15:49.19107,,ERRO,Arquivo primário '/opt/airflow/data/input/Amostra_Base_Dados.csv' não encontrado (fallback desativado: FEATURE_AUTOCORRECAO=OFF),ARQUIVO_AUSENTE,1,5,f,FALLBACK_ARQUIVO,0
93,BASELINE,ARQUIVO_AUSENTE,63,3,2026-09-20 16:15:57.51704,failed,63,(ausente),2026-09-20 16:15:58.21669,2026-09-20 16:15:58.21669,,ERRO,Arquivo primário '/opt/airflow/data/input/Amostra_Base_Dados.csv' não encontrado (fallback desativado: FEATURE_AUTOCORRECAO=OFF),ARQUIVO_AUSENTE,1,5,f,FALLBACK_ARQUIVO,0
94,BASELINE,ARQUIVO_AUSENTE,64,4,2026-09-20 16:16:07.331979,failed,64,(ausente),2026-09-20 16:16:08.312639,2026-09-20 16:16:08.312639,,ERRO,Arquivo primário '/opt/airflow/data/input/Amostra_Base_Dados.csv' não encontrado (fallback desativado: FEATURE_AUTOCORRECAO=OFF),ARQUIVO_AUSENTE,1,5,f,FALLBACK_ARQUIVO,0
95,BASELINE,ARQUIVO_AUSENTE,65,5,2026-09-20 16:16:17.1486,failed,65,(ausente),2026-09-20 16:16:17.823203,2026-09-20 16:16:17.823203,,ERRO,Arquivo primário '/opt/airflow/data/input/Amostra_Base_Dados.csv' não encontrado (fallback desativado: FEATURE_AUTOCORRECAO=OFF),ARQUIVO_AUSENTE,1,5,f,FALLBACK_ARQUIVO,0
96,BASELINE,ARQUIVO_AUSENTE,66,6,2026-09-20 16:16:23.807253,failed,66,(ausente),2026-09-20 16:16:24.789959,2026-09-20 16:16:24.789959,,ERRO,Arquivo primário '/opt/airflow/data/input/Amostra_Base_Dados.csv' não encontrado (fallback desativado: FEATURE_AUTOCORRECAO=OFF),ARQUIVO_AUSENTE,1,5,f,FALLBACK_ARQUIVO,0
97,BASELINE,ARQUIVO_AUSENTE,67,7,2026-09-20 16:16:33.638769,failed,67,(ausente),2026-09-20 16:16:34.807717,2026-09-20 16:16:34.807717,,ERRO,Arquivo primário '/opt/airflow/data/input/Amostra_Base_Dados.csv' não encontrado (fallback desativado: FEATURE_AUTOCORRECAO=OFF),ARQUIVO_AUSENTE,1,5,f,FALLBACK_ARQUIVO,0
98,BASELINE,ARQUIVO_AUSENTE,68,8,2026-09-20 16:16:43.443224,failed,68,(ausente),2026-09-20 16:16:44.824408,2026-09-20 16:16:44.824408,,ERRO,Arquivo primário '/opt/airflow/data/input/Amostra_Base_Dados.csv' não encontrado (fallback desativado: FEATURE_AUTOCORRECAO=OFF),ARQUIVO_AUSENTE,1,5,f,FALLBACK_ARQUIVO,0
99,BASELINE,ARQUIVO_AUSENTE,69,9,2026-09-20 16:16:53.247022,failed,69,(ausente),2026-09-20 16:16:53.831815,2026-09-20 16:16:53.831815,,ERRO,Arquivo primário '/opt/airflow/data/input/Amostra_Base_Dados.csv' não encontrado (fallback desativado: FEATURE_AUTOCORRECAO=OFF),ARQUIVO_AUSENTE,1,5,f,FALLBACK_ARQUIVO,0
100,BASELINE,ARQUIVO_AUSENTE,70,10,2026-09-20 16:16:59.904184,failed,70,(ausente),2026-09-20 16:17:00.658333,2026-09-20 16:17:00.658333,,ERRO,Arquivo primário '/opt/airflow/data/input/Amostra_Base_Dados.csv' não encontrado (fallback desativado: FEATURE_AUTOCORRECAO=OFF),ARQUIVO_AUSENTE,1,5,f,FALLBACK_ARQUIVO,0
101,BASELINE,ARQUIVO_AUSENTE,71,11,2026-09-20 16:17:06.598378,failed,71,(ausente),2026-09-20 16:17:07.564051,2026-09-20 16:17:07.564051,,ERRO,Arquivo primário '/opt/airflow/data/input/Amostra_Base_Dados.csv' não encontrado (fallback desativado: FEATURE_AUTOCORRECAO=OFF),ARQUIVO_AUSENTE,1,5,f,FALLBACK_ARQUIVO,0
102,BASELINE,ARQUIVO_AUSENTE,72,12,2026-09-20 16:17:16.432565,failed,72,(ausente),2026-09-20 16:17:17.995854,2026-09-20 16:17:17.995854,,ERRO,Arquivo primário '/opt/airflow/data/input/Amostra_Base_Dados.csv' não encontrado (fallback desativado: FEATURE_AUTOCORRECAO=OFF),ARQUIVO_AUSENTE,1,5,f,FALLBACK_ARQUIVO,0
103,BASELINE,ARQUIVO_AUSENTE,73,13,2026-09-20 16:17:26.192496,failed,73,(ausente),2026-09-20 16:17:27.011784,2026-09-20 16:17:27.011784,,ERRO,Arquivo primário '/opt/airflow/data/input/Amostra_Base_Dados.csv' não encontrado (fallback desativado: FEATURE_AUTOCORRECAO=OFF),ARQUIVO_AUSENTE,1,5,f,FALLBACK_ARQUIVO,0
104,BASELINE,ARQUIVO_AUSENTE,74,14,2026-09-20 16:17:32.83723,failed,74,(ausente),2026-09-20 16:17:33.831075,2026-09-20 16:17:33.831075,,ERRO,Arquivo primário '/opt/airflow/data/input/Amostra_Base_Dados.csv' não encontrado (fallback desativado: FEATURE_AUTOCORRECAO=OFF),ARQUIVO_AUSENTE,1,5,f,FALLBACK_ARQUIVO,0
105,BASELINE,ARQUIVO_AUSENTE,75,15,2026-09-20 16:17:42.680506,failed,75,(ausente),2026-09-20 16:17:43.888703,2026-09-20 16:17:43.888703,,ERRO,Arquivo primário '/opt/airflow/data/input/Amostra_Base_Dados.csv' não encontrado (fallback desativado: FEATURE_AUTOCORRECAO=OFF),ARQUIVO_AUSENTE,1,5,f,FALLBACK_ARQUIVO,0
106,BASELINE,ARQUIVO_AUSENTE,76,16,2026-09-20 16:17:52.484064,failed,76,(ausente),2026-09-20 16:17:53.67456,2026-09-20 16:17:53.67456,,ERRO,Arquivo primário '/opt/airflow/data/input/Amostra_Base_Dados.csv' não encontrado (fallback desativado: FEATURE_AUTOCORRECAO=OFF),ARQUIVO_AUSENTE,1,5,f,FALLBACK_ARQUIVO,0
107,BASELINE,ARQUIVO_AUSENTE,77,17,2026-09-20 16:18:02.28199,failed,77,(ausente),2026-09-20 16:18:03.097263,2026-09-20 16:18:03.097263,,ERRO,Arquivo primário '/opt/airflow/data/input/Amostra_Base_Dados.csv' não encontrado (fallback desativado: FEATURE_AUTOCORRECAO=OFF),ARQUIVO_AUSENTE,1,5,f,FALLBACK_ARQUIVO,0
108,BASELINE,ARQUIVO_AUSENTE,78,18,2026-09-20 16:18:08.929663,failed,78,(ausente),2026-09-20 16:18:10.100461,2026-09-20 16:18:10.100461,,ERRO,Arquivo primário '/opt/airflow/data/input/Amostra_Base_Dados.csv' não encontrado (fallback desativado: FEATURE_AUTOCORRECAO=OFF),ARQUIVO_AUSENTE,1,5,f,FALLBACK_ARQUIVO,0
109,BASELINE,ARQUIVO_AUSENTE,79,19,2026-09-20 16:18:18.716439,failed,79,(ausente),2026-09-20 16:18:20.125911,2026-09-20 16:18:20.125911,,ERRO,Arquivo primário '/opt/airflow/data/input/Amostra_Base_Dados.csv' não encontrado (fallback desativado: FEATURE_AUTOCORRECAO=OFF),ARQUIVO_AUSENTE,1,5,f,FALLBACK_ARQUIVO,0
110,BASELINE,ARQUIVO_AUSENTE,80,20,2026-09-20 16:18:28.54321,failed,80,(ausente),2026-09-20 16:18:29.151443,2026-09-20 16:18:29.151443,,ERRO,Arquivo primário '/opt/airflow/data/input/Amostra_Base_Dados.csv' não encontrado (fallback desativado: FEATURE_AUTOCORRECAO=OFF),ARQUIVO_AUSENTE,1,5,f,FALLBACK_ARQUIVO,0
111,BASELINE,ARQUIVO_AUSENTE,81,21,2026-09-20 16:18:35.210718,failed,81,(ausente),2026-09-20 16:18:36.2665,2026-09-20 16:18:36.2665,,ERRO,Arquivo primário '/opt/airflow/data/input/Amostra_Base_Dados.csv' não encontrado (fallback desativado: FEATURE_AUTOCORRECAO=OFF),ARQUIVO_AUSENTE,1,6,f,FALLBACK_ARQUIVO,0
112,BASELINE,ARQUIVO_AUSENTE,82,22,2026-09-20 16:18:41.879921,failed,82,(ausente),2026-09-20 16:18:43.342983,2026-09-20 16:18:43.342983,,ERRO,Arquivo primário '/opt/airflow/data/input/Amostra_Base_Dados.csv' não encontrado (fallback desativado: FEATURE_AUTOCORRECAO=OFF),ARQUIVO_AUSENTE,1,5,f,FALLBACK_ARQUIVO,0
113,BASELINE,ARQUIVO_AUSENTE,83,23,2026-09-20 16:18:48.541781,failed,83,(ausente),2026-09-20 16:18:49.306648,2026-09-20 16:18:49.306648,,ERRO,Arquivo primário '/opt/airflow/data/input/Amostra_Base_Dados.csv' não encontrado (fallback desativado: FEATURE_AUTOCORRECAO=OFF),ARQUIVO_AUSENTE,1,5,f,FALLBACK_ARQUIVO,0
114,BASELINE,ARQUIVO_AUSENTE,84,24,2026-09-20 16:18:58.33824,failed,84,(ausente),2026-09-20 16:18:59.366177,2026-09-20 16:18:59.366177,,ERRO,Arquivo primário '/opt/airflow/data/input/Amostra_Base_Dados.csv' não encontrado (fallback desativado: FEATURE_AUTOCORRECAO=OFF),ARQUIVO_AUSENTE,1,5,f,FALLBACK_ARQUIVO,0
115,BASELINE,ARQUIVO_AUSENTE,85,25,2026-09-20 16:19:08.145123,failed,85,(ausente),2026-09-20 16:19:08.819649,2026-09-20 16:19:08.819649,,ERRO,Arquivo primário '/opt/airflow/data/input/Amostra_Base_Dados.csv' não encontrado (fallback desativado: FEATURE_AUTOCORRECAO=OFF),ARQUIVO_AUSENTE,1,8,f,FALLBACK_ARQUIVO,0
116,BASELINE,ARQUIVO_AUSENTE,86,26,2026-09-20 16:19:14.777423,failed,86,(ausente),2026-09-20 16:19:15.511978,2026-09-20 16:19:15.511978,,ERRO,Arquivo primário '/opt/airflow/data/input/Amostra_Base_Dados.csv' não encontrado (fallback desativado: FEATURE_AUTOCORRECAO=OFF),ARQUIVO_AUSENTE,1,5,f,FALLBACK_ARQUIVO,0
117,BASELINE,ARQUIVO_AUSENTE,87,27,2026-09-20 16:19:24.577719,failed,87,(ausente),2026-09-20 16:19:25.581669,2026-09-20 16:19:25.581669,,ERRO,Arquivo primário '/opt/airflow/data/input/Amostra_Base_Dados.csv' não encontrado (fallback desativado: FEATURE_AUTOCORRECAO=OFF),ARQUIVO_AUSENTE,1,5,f,FALLBACK_ARQUIVO,0
118,BASELINE,ARQUIVO_AUSENTE,88,28,2026-09-20 16:19:34.394164,failed,88,(ausente),2026-09-20 16:19:35.644048,2026-09-20 16:19:35.644048,,ERRO,Arquivo primário '/opt/airflow/data/input/Amostra_Base_Dados.csv' não encontrado (fallback desativado: FEATURE_AUTOCORRECAO=OFF),ARQUIVO_AUSENTE,1,5,f,FALLBACK_ARQUIVO,0
119,BASELINE,ARQUIVO_AUSENTE,89,29,2026-09-20 16:19:41.054694,failed,89,(ausente),2026-09-20 16:19:41.715245,2026-09-20 16:19:41.715245,,ERRO,Arquivo primário '/opt/airflow/data/input/Amostra_Base_Dados.csv' não encontrado (fallback desativado: FEATURE_AUTOCORRECAO=OFF),ARQUIVO_AUSENTE,1,6,f,FALLBACK_ARQUIVO,0
120,BASELINE,ARQUIVO_AUSENTE,90,30,2026-09-20 16:19:47.753741,failed,90,(ausente),2026-09-20 16:19:48.773204,2026-09-20 16:19:48.773204,,ERRO,Arquivo primário '/opt/airflow/data/input/Amostra_Base_Dados.csv' não encontrado (fallback desativado: FEATURE_AUTOCORRECAO=OFF),ARQUIVO_AUSENTE,1,5,f,FALLBACK_ARQUIVO,0
121,TRATAMENTO,CONEXAO,91,1,2026-09-20 16:20:00.553552,success,91,Amostra_Base_Dados.csv,2026-09-20 16:20:14.681461,2026-09-20 16:20:14.714667,267,SUCESSO,,CONEXAO,3,11058,t,RETRY_BACKOFF,0
122,TRATAMENTO,CONEXAO,92,2,2026-09-20 16:20:22.818756,success,92,Amostra_Base_Dados.csv,2026-09-20 16:20:36.290344,2026-09-20 16:20:36.324865,267,SUCESSO,,CONEXAO,3,11075,t,RETRY_BACKOFF,0
123,TRATAMENTO,CONEXAO,93,3,2026-09-20 16:20:41.903745,success,93,Amostra_Base_Dados.csv,2026-09-20 16:20:56.039657,2026-09-20 16:20:56.073762,267,SUCESSO,,CONEXAO,3,11070,t,RETRY_BACKOFF,0
124,TRATAMENTO,CONEXAO,94,4,2026-09-20 16:21:04.181936,success,94,Amostra_Base_Dados.csv,2026-09-20 16:21:18.08835,2026-09-20 16:21:18.122103,267,SUCESSO,,CONEXAO,3,11045,t,RETRY_BACKOFF,0
125,TRATAMENTO,CONEXAO,95,5,2026-09-20 16:21:26.477753,success,95,Amostra_Base_Dados.csv,2026-09-20 16:21:40.366823,2026-09-20 16:21:40.402643,267,SUCESSO,,CONEXAO,3,11101,t,RETRY_BACKOFF,0
126,TRATAMENTO,CONEXAO,96,6,2026-09-20 16:21:48.781111,success,96,Amostra_Base_Dados.csv,2026-09-20 16:22:02.379957,2026-09-20 16:22:02.413455,267,SUCESSO,,CONEXAO,3,11097,t,RETRY_BACKOFF,0
127,TRATAMENTO,CONEXAO,97,7,2026-09-20 16:22:11.073975,success,97,Amostra_Base_Dados.csv,2026-09-20 16:22:24.628472,2026-09-20 16:22:24.662285,267,SUCESSO,,CONEXAO,3,11091,t,RETRY_BACKOFF,0
128,TRATAMENTO,CONEXAO,98,8,2026-09-20 16:22:33.361556,success,98,Amostra_Base_Dados.csv,2026-09-20 16:22:46.642096,2026-09-20 16:22:46.67695,267,SUCESSO,,CONEXAO,3,11030,t,RETRY_BACKOFF,0
129,TRATAMENTO,CONEXAO,99,9,2026-09-20 16:22:55.641574,success,99,Amostra_Base_Dados.csv,2026-09-20 16:23:09.909802,2026-09-20 16:23:09.943292,267,SUCESSO,,CONEXAO,3,11051,t,RETRY_BACKOFF,0
130,TRATAMENTO,CONEXAO,100,10,2026-09-20 16:23:17.926148,success,100,Amostra_Base_Dados.csv,2026-09-20 16:23:32.095199,2026-09-20 16:23:32.128575,267,SUCESSO,,CONEXAO,3,11056,t,RETRY_BACKOFF,0
131,TRATAMENTO,CONEXAO,101,11,2026-09-20 16:23:40.523131,success,101,Amostra_Base_Dados.csv,2026-09-20 16:23:54.226688,2026-09-20 16:23:54.260249,267,SUCESSO,,CONEXAO,3,11081,t,RETRY_BACKOFF,0
132,TRATAMENTO,CONEXAO,102,12,2026-09-20 16:24:02.787453,success,102,Amostra_Base_Dados.csv,2026-09-20 16:24:16.422382,2026-09-20 16:24:16.457092,267,SUCESSO,,CONEXAO,3,11053,t,RETRY_BACKOFF,0
133,TRATAMENTO,CONEXAO,103,13,2026-09-20 16:24:25.030979,success,103,Amostra_Base_Dados.csv,2026-09-20 16:24:39.487696,2026-09-20 16:24:39.520441,267,SUCESSO,,CONEXAO,3,11061,t,RETRY_BACKOFF,0
134,TRATAMENTO,CONEXAO,104,14,2026-09-20 16:24:47.297974,success,104,Amostra_Base_Dados.csv,2026-09-20 16:25:01.742396,2026-09-20 16:25:01.775546,267,SUCESSO,,CONEXAO,3,11036,t,RETRY_BACKOFF,0
135,TRATAMENTO,CONEXAO,105,15,2026-09-20 16:25:09.882967,success,105,Amostra_Base_Dados.csv,2026-09-20 16:25:23.427505,2026-09-20 16:25:23.46057,267,SUCESSO,,CONEXAO,3,11056,t,RETRY_BACKOFF,0
136,TRATAMENTO,CONEXAO,106,16,2026-09-20 16:25:32.138823,success,106,Amostra_Base_Dados.csv,2026-09-20 16:25:46.014865,2026-09-20 16:25:46.049296,267,SUCESSO,,CONEXAO,3,11048,t,RETRY_BACKOFF,0
137,TRATAMENTO,CONEXAO,107,17,2026-09-20 16:25:54.407109,success,107,Amostra_Base_Dados.csv,2026-09-20 16:26:08.428397,2026-09-20 16:26:08.462791,267,SUCESSO,,CONEXAO,3,11077,t,RETRY_BACKOFF,0
138,TRATAMENTO,CONEXAO,108,18,2026-09-20 16:26:16.739194,success,108,Amostra_Base_Dados.csv,2026-09-20 16:26:30.371565,2026-09-20 16:26:30.405425,267,SUCESSO,,CONEXAO,3,11086,t,RETRY_BACKOFF,0
139,TRATAMENTO,CONEXAO,109,19,2026-09-20 16:26:39.055632,success,109,Amostra_Base_Dados.csv,2026-09-20 16:26:52.588893,2026-09-20 16:26:52.622611,267,SUCESSO,,CONEXAO,3,11065,t,RETRY_BACKOFF,0
140,TRATAMENTO,CONEXAO,110,20,2026-09-20 16:27:01.337726,success,110,Amostra_Base_Dados.csv,2026-09-20 16:27:14.592212,2026-09-20 16:27:14.63148,267,SUCESSO,,CONEXAO,3,11075,t,RETRY_BACKOFF,0
141,TRATAMENTO,CONEXAO,111,21,2026-09-20 16:27:23.607041,success,111,Amostra_Base_Dados.csv,2026-09-20 16:27:37.643027,2026-09-20 16:27:37.676831,267,SUCESSO,,CONEXAO,3,11061,t,RETRY_BACKOFF,0
142,TRATAMENTO,CONEXAO,112,22,2026-09-20 16:27:45.872541,success,112,Amostra_Base_Dados.csv,2026-09-20 16:27:59.878364,2026-09-20 16:27:59.912106,267,SUCESSO,,CONEXAO,3,11079,t,RETRY_BACKOFF,0
143,TRATAMENTO,CONEXAO,113,23,2026-09-20 16:28:08.492462,success,113,Amostra_Base_Dados.csv,2026-09-20 16:28:22.772459,2026-09-20 16:28:22.805241,267,SUCESSO,,CONEXAO,3,11073,t,RETRY_BACKOFF,0
144,TRATAMENTO,CONEXAO,114,24,2026-09-20 16:28:33.942148,success,114,Amostra_Base_Dados.csv,2026-09-20 16:28:47.848269,2026-09-20 16:28:47.881751,267,SUCESSO,,CONEXAO,3,11073,t,RETRY_BACKOFF,0
145,TRATAMENTO,CONEXAO,115,25,2026-09-20 16:28:59.363282,success,115,Amostra_Base_Dados.csv,2026-09-20 16:29:13.477359,2026-09-20 16:29:13.511446,267,SUCESSO,,CONEXAO,3,11060,t,RETRY_BACKOFF,0
146,TRATAMENTO,CONEXAO,116,26,2026-09-20 16:29:21.644217,success,116,Amostra_Base_Dados.csv,2026-09-20 16:29:35.551192,2026-09-20 16:29:35.586357,267,SUCESSO,,CONEXAO,3,11076,t,RETRY_BACKOFF,0
147,TRATAMENTO,CONEXAO,117,27,2026-09-20 16:29:47.062045,success,117,Amostra_Base_Dados.csv,2026-09-20 16:30:00.730442,2026-09-20 16:30:00.76704,267,SUCESSO,,CONEXAO,3,11049,t,RETRY_BACKOFF,0
148,TRATAMENTO,CONEXAO,118,28,2026-09-20 16:30:12.514402,success,118,Amostra_Base_Dados.csv,2026-09-20 16:30:25.920315,2026-09-20 16:30:25.95394,267,SUCESSO,,CONEXAO,3,11067,t,RETRY_BACKOFF,0
149,TRATAMENTO,CONEXAO,119,29,2026-09-20 16:30:37.930822,success,119,Amostra_Base_Dados.csv,2026-09-20 16:30:50.979039,2026-09-20 16:30:51.014802,267,SUCESSO,,CONEXAO,3,11054,t,RETRY_BACKOFF,0
150,TRATAMENTO,CONEXAO,120,30,2026-09-20 16:31:03.349768,success,120,Amostra_Base_Dados.csv,2026-09-20 16:31:17.355867,2026-09-20 16:31:17.390389,267,SUCESSO,,CONEXAO,3,11076,t,RETRY_BACKOFF,0
151,TRATAMENTO,SCHEMA,121,1,2026-09-20 16:31:29.209212,failed,121,Amostra_Base_Dados.csv,2026-09-20 16:31:32.501146,2026-09-20 16:31:32.512005,,ERRO,"Schema inválido: 2 colunas faltando, 2 colunas extras. Faltando: ['VALOR_FATURA', 'VALOR_FATURA_SUB']. Extras: ['VALOR_FAT', 'VALOR_FAT_SUB']",SCHEMA,1,6,f,VALIDACAO_SCHEMA,0
152,TRATAMENTO,SCHEMA,122,2,2026-09-20 16:31:39.036529,failed,122,Amostra_Base_Dados.csv,2026-09-20 16:31:41.565342,2026-09-20 16:31:41.575705,,ERRO,"Schema inválido: 2 colunas faltando, 2 colunas extras. Faltando: ['VALOR_FATURA', 'VALOR_FATURA_SUB']. Extras: ['VALOR_FAT', 'VALOR_FAT_SUB']",SCHEMA,1,6,f,VALIDACAO_SCHEMA,0
153,TRATAMENTO,SCHEMA,123,3,2026-09-20 16:31:48.852777,failed,123,Amostra_Base_Dados.csv,2026-09-20 16:31:51.565014,2026-09-20 16:31:51.57526,,ERRO,"Schema inválido: 2 colunas faltando, 2 colunas extras. Faltando: ['VALOR_FATURA', 'VALOR_FATURA_SUB']. Extras: ['VALOR_FAT', 'VALOR_FAT_SUB']",SCHEMA,1,6,f,VALIDACAO_SCHEMA,0
154,TRATAMENTO,SCHEMA,124,4,2026-09-20 16:31:58.652154,failed,124,Amostra_Base_Dados.csv,2026-09-20 16:32:01.638482,2026-09-20 16:32:01.649291,,ERRO,"Schema inválido: 2 colunas faltando, 2 colunas extras. Faltando: ['VALOR_FATURA', 'VALOR_FATURA_SUB']. Extras: ['VALOR_FAT', 'VALOR_FAT_SUB']",SCHEMA,1,6,f,VALIDACAO_SCHEMA,0
155,TRATAMENTO,SCHEMA,125,5,2026-09-20 16:32:08.473365,failed,125,Amostra_Base_Dados.csv,2026-09-20 16:32:10.649368,2026-09-20 16:32:10.660099,,ERRO,"Schema inválido: 2 colunas faltando, 2 colunas extras. Faltando: ['VALOR_FATURA', 'VALOR_FATURA_SUB']. Extras: ['VALOR_FAT', 'VALOR_FAT_SUB']",SCHEMA,1,6,f,VALIDACAO_SCHEMA,0
156,TRATAMENTO,SCHEMA,126,6,2026-09-20 16:32:18.268497,failed,126,Amostra_Base_Dados.csv,2026-09-20 16:32:21.756442,2026-09-20 16:32:21.766832,,ERRO,"Schema inválido: 2 colunas faltando, 2 colunas extras. Faltando: ['VALOR_FATURA', 'VALOR_FATURA_SUB']. Extras: ['VALOR_FAT', 'VALOR_FAT_SUB']",SCHEMA,1,6,f,VALIDACAO_SCHEMA,0
157,TRATAMENTO,SCHEMA,127,7,2026-09-20 16:32:28.090727,failed,127,Amostra_Base_Dados.csv,2026-09-20 16:32:30.587666,2026-09-20 16:32:30.598422,,ERRO,"Schema inválido: 2 colunas faltando, 2 colunas extras. Faltando: ['VALOR_FATURA', 'VALOR_FATURA_SUB']. Extras: ['VALOR_FAT', 'VALOR_FAT_SUB']",SCHEMA,1,7,f,VALIDACAO_SCHEMA,0
158,TRATAMENTO,SCHEMA,128,8,2026-09-20 16:32:37.918404,failed,128,Amostra_Base_Dados.csv,2026-09-20 16:32:40.149846,2026-09-20 16:32:40.160233,,ERRO,"Schema inválido: 2 colunas faltando, 2 colunas extras. Faltando: ['VALOR_FATURA', 'VALOR_FATURA_SUB']. Extras: ['VALOR_FAT', 'VALOR_FAT_SUB']",SCHEMA,1,6,f,VALIDACAO_SCHEMA,0
159,TRATAMENTO,SCHEMA,129,9,2026-09-20 16:32:47.737859,failed,129,Amostra_Base_Dados.csv,2026-09-20 16:32:50.636614,2026-09-20 16:32:50.647203,,ERRO,"Schema inválido: 2 colunas faltando, 2 colunas extras. Faltando: ['VALOR_FATURA', 'VALOR_FATURA_SUB']. Extras: ['VALOR_FAT', 'VALOR_FAT_SUB']",SCHEMA,1,6,f,VALIDACAO_SCHEMA,0
160,TRATAMENTO,SCHEMA,130,10,2026-09-20 16:32:57.549528,failed,130,Amostra_Base_Dados.csv,2026-09-20 16:33:00.661767,2026-09-20 16:33:00.672572,,ERRO,"Schema inválido: 2 colunas faltando, 2 colunas extras. Faltando: ['VALOR_FATURA', 'VALOR_FATURA_SUB']. Extras: ['VALOR_FAT', 'VALOR_FAT_SUB']",SCHEMA,1,6,f,VALIDACAO_SCHEMA,0
161,TRATAMENTO,SCHEMA,131,11,2026-09-20 16:33:07.374337,failed,131,Amostra_Base_Dados.csv,2026-09-20 16:33:10.223591,2026-09-20 16:33:10.234004,,ERRO,"Schema inválido: 2 colunas faltando, 2 colunas extras. Faltando: ['VALOR_FATURA', 'VALOR_FATURA_SUB']. Extras: ['VALOR_FAT', 'VALOR_FAT_SUB']",SCHEMA,1,6,f,VALIDACAO_SCHEMA,0
162,TRATAMENTO,SCHEMA,132,12,2026-09-20 16:33:17.183883,failed,132,Amostra_Base_Dados.csv,2026-09-20 16:33:19.70687,2026-09-20 16:33:19.716937,,ERRO,"Schema inválido: 2 colunas faltando, 2 colunas extras. Faltando: ['VALOR_FATURA', 'VALOR_FATURA_SUB']. Extras: ['VALOR_FAT', 'VALOR_FAT_SUB']",SCHEMA,1,6,f,VALIDACAO_SCHEMA,0
163,TRATAMENTO,SCHEMA,133,13,2026-09-20 16:33:23.837171,failed,133,Amostra_Base_Dados.csv,2026-09-20 16:33:26.176032,2026-09-20 16:33:26.187443,,ERRO,"Schema inválido: 2 colunas faltando, 2 colunas extras. Faltando: ['VALOR_FATURA', 'VALOR_FATURA_SUB']. Extras: ['VALOR_FAT', 'VALOR_FAT_SUB']",SCHEMA,1,6,f,VALIDACAO_SCHEMA,0
164,TRATAMENTO,SCHEMA,134,14,2026-09-20 16:33:33.619963,failed,134,Amostra_Base_Dados.csv,2026-09-20 16:33:36.252303,2026-09-20 16:33:36.263415,,ERRO,"Schema inválido: 2 colunas faltando, 2 colunas extras. Faltando: ['VALOR_FATURA', 'VALOR_FATURA_SUB']. Extras: ['VALOR_FAT', 'VALOR_FAT_SUB']",SCHEMA,1,6,f,VALIDACAO_SCHEMA,0
165,TRATAMENTO,SCHEMA,135,15,2026-09-20 16:33:43.42555,failed,135,Amostra_Base_Dados.csv,2026-09-20 16:33:46.313852,2026-09-20 16:33:46.324621,,ERRO,"Schema inválido: 2 colunas faltando, 2 colunas extras. Faltando: ['VALOR_FATURA', 'VALOR_FATURA_SUB']. Extras: ['VALOR_FAT', 'VALOR_FAT_SUB']",SCHEMA,1,6,f,VALIDACAO_SCHEMA,0
166,TRATAMENTO,SCHEMA,136,16,2026-09-20 16:33:53.219398,failed,136,Amostra_Base_Dados.csv,2026-09-20 16:33:56.391265,2026-09-20 16:33:56.402211,,ERRO,"Schema inválido: 2 colunas faltando, 2 colunas extras. Faltando: ['VALOR_FATURA', 'VALOR_FATURA_SUB']. Extras: ['VALOR_FAT', 'VALOR_FAT_SUB']",SCHEMA,1,6,f,VALIDACAO_SCHEMA,0
167,TRATAMENTO,SCHEMA,137,17,2026-09-20 16:34:03.055917,failed,137,Amostra_Base_Dados.csv,2026-09-20 16:34:05.626208,2026-09-20 16:34:05.63803,,ERRO,"Schema inválido: 2 colunas faltando, 2 colunas extras. Faltando: ['VALOR_FATURA', 'VALOR_FATURA_SUB']. Extras: ['VALOR_FAT', 'VALOR_FAT_SUB']",SCHEMA,1,6,f,VALIDACAO_SCHEMA,0
168,TRATAMENTO,SCHEMA,138,18,2026-09-20 16:34:12.869109,failed,138,Amostra_Base_Dados.csv,2026-09-20 16:34:15.709851,2026-09-20 16:34:15.720583,,ERRO,"Schema inválido: 2 colunas faltando, 2 colunas extras. Faltando: ['VALOR_FATURA', 'VALOR_FATURA_SUB']. Extras: ['VALOR_FAT', 'VALOR_FAT_SUB']",SCHEMA,1,6,f,VALIDACAO_SCHEMA,0
169,TRATAMENTO,SCHEMA,139,19,2026-09-20 16:34:22.688801,failed,139,Amostra_Base_Dados.csv,2026-09-20 16:34:25.410104,2026-09-20 16:34:25.421139,,ERRO,"Schema inválido: 2 colunas faltando, 2 colunas extras. Faltando: ['VALOR_FATURA', 'VALOR_FATURA_SUB']. Extras: ['VALOR_FAT', 'VALOR_FAT_SUB']",SCHEMA,1,6,f,VALIDACAO_SCHEMA,0
170,TRATAMENTO,SCHEMA,140,20,2026-09-20 16:34:32.487033,failed,140,Amostra_Base_Dados.csv,2026-09-20 16:34:35.815185,2026-09-20 16:34:35.825531,,ERRO,"Schema inválido: 2 colunas faltando, 2 colunas extras. Faltando: ['VALOR_FATURA', 'VALOR_FATURA_SUB']. Extras: ['VALOR_FAT', 'VALOR_FAT_SUB']",SCHEMA,1,6,f,VALIDACAO_SCHEMA,0
171,TRATAMENTO,SCHEMA,141,21,2026-09-20 16:34:42.291825,failed,141,Amostra_Base_Dados.csv,2026-09-20 16:34:44.826461,2026-09-20 16:34:44.838576,,ERRO,"Schema inválido: 2 colunas faltando, 2 colunas extras. Faltando: ['VALOR_FATURA', 'VALOR_FATURA_SUB']. Extras: ['VALOR_FAT', 'VALOR_FAT_SUB']",SCHEMA,1,7,f,VALIDACAO_SCHEMA,0
172,TRATAMENTO,SCHEMA,142,22,2026-09-20 16:34:52.085958,failed,142,Amostra_Base_Dados.csv,2026-09-20 16:34:54.987492,2026-09-20 16:34:54.998376,,ERRO,"Schema inválido: 2 colunas faltando, 2 colunas extras. Faltando: ['VALOR_FATURA', 'VALOR_FATURA_SUB']. Extras: ['VALOR_FAT', 'VALOR_FAT_SUB']",SCHEMA,1,6,f,VALIDACAO_SCHEMA,0
173,TRATAMENTO,SCHEMA,143,23,2026-09-20 16:35:01.876071,failed,143,Amostra_Base_Dados.csv,2026-09-20 16:35:04.999677,2026-09-20 16:35:05.010526,,ERRO,"Schema inválido: 2 colunas faltando, 2 colunas extras. Faltando: ['VALOR_FATURA', 'VALOR_FATURA_SUB']. Extras: ['VALOR_FAT', 'VALOR_FAT_SUB']",SCHEMA,1,6,f,VALIDACAO_SCHEMA,0
174,TRATAMENTO,SCHEMA,144,24,2026-09-20 16:35:11.689539,failed,144,Amostra_Base_Dados.csv,2026-09-20 16:35:15.061593,2026-09-20 16:35:15.072308,,ERRO,"Schema inválido: 2 colunas faltando, 2 colunas extras. Faltando: ['VALOR_FATURA', 'VALOR_FATURA_SUB']. Extras: ['VALOR_FAT', 'VALOR_FAT_SUB']",SCHEMA,1,6,f,VALIDACAO_SCHEMA,0
175,TRATAMENTO,SCHEMA,145,25,2026-09-20 16:35:21.477198,failed,145,Amostra_Base_Dados.csv,2026-09-20 16:35:24.129209,2026-09-20 16:35:24.139377,,ERRO,"Schema inválido: 2 colunas faltando, 2 colunas extras. Faltando: ['VALOR_FATURA', 'VALOR_FATURA_SUB']. Extras: ['VALOR_FAT', 'VALOR_FAT_SUB']",SCHEMA,1,6,f,VALIDACAO_SCHEMA,0
176,TRATAMENTO,SCHEMA,146,26,2026-09-20 16:35:31.290077,failed,146,Amostra_Base_Dados.csv,2026-09-20 16:35:34.116578,2026-09-20 16:35:34.12752,,ERRO,"Schema inválido: 2 colunas faltando, 2 colunas extras. Faltando: ['VALOR_FATURA', 'VALOR_FATURA_SUB']. Extras: ['VALOR_FAT', 'VALOR_FAT_SUB']",SCHEMA,1,6,f,VALIDACAO_SCHEMA,0
177,TRATAMENTO,SCHEMA,147,27,2026-09-20 16:35:41.094167,failed,147,Amostra_Base_Dados.csv,2026-09-20 16:35:44.193392,2026-09-20 16:35:44.204119,,ERRO,"Schema inválido: 2 colunas faltando, 2 colunas extras. Faltando: ['VALOR_FATURA', 'VALOR_FATURA_SUB']. Extras: ['VALOR_FAT', 'VALOR_FAT_SUB']",SCHEMA,1,6,f,VALIDACAO_SCHEMA,0
178,TRATAMENTO,SCHEMA,148,28,2026-09-20 16:35:50.919459,failed,148,Amostra_Base_Dados.csv,2026-09-20 16:35:54.27178,2026-09-20 16:35:54.282868,,ERRO,"Schema inválido: 2 colunas faltando, 2 colunas extras. Faltando: ['VALOR_FATURA', 'VALOR_FATURA_SUB']. Extras: ['VALOR_FAT', 'VALOR_FAT_SUB']",SCHEMA,1,6,f,VALIDACAO_SCHEMA,0
179,TRATAMENTO,SCHEMA,149,29,2026-09-20 16:36:00.743538,failed,149,Amostra_Base_Dados.csv,2026-09-20 16:36:03.26241,2026-09-20 16:36:03.272444,,ERRO,"Schema inválido: 2 colunas faltando, 2 colunas extras. Faltando: ['VALOR_FATURA', 'VALOR_FATURA_SUB']. Extras: ['VALOR_FAT', 'VALOR_FAT_SUB']",SCHEMA,1,6,f,VALIDACAO_SCHEMA,0
180,TRATAMENTO,SCHEMA,150,30,2026-09-20 16:36:10.570621,failed,150,Amostra_Base_Dados.csv,2026-09-20 16:36:13.34808,2026-09-20 16:36:13.35904,,ERRO,"Schema inválido: 2 colunas faltando, 2 colunas extras. Faltando: ['VALOR_FATURA', 'VALOR_FATURA_SUB']. Extras: ['VALOR_FAT', 'VALOR_FAT_SUB']",SCHEMA,1,6,f,VALIDACAO_SCHEMA,0
181,TRATAMENTO,DADOS_NULOS,151,1,2026-09-20 16:36:20.838283,success,151,Amostra_Base_Dados.csv,2026-09-20 16:36:23.400314,2026-09-20 16:36:23.43185,252,SUCESSO,,DADOS_NULOS,1,6,t,QUARENTENA,15
182,TRATAMENTO,DADOS_NULOS,152,2,2026-09-20 16:36:33.830153,success,152,Amostra_Base_Dados.csv,2026-09-20 16:36:36.537951,2026-09-20 16:36:36.571013,252,SUCESSO,,DADOS_NULOS,1,6,t,QUARENTENA,15
183,TRATAMENTO,DADOS_NULOS,153,3,2026-09-20 16:36:46.799957,success,153,Amostra_Base_Dados.csv,2026-09-20 16:36:49.314244,2026-09-20 16:36:49.347407,252,SUCESSO,,DADOS_NULOS,1,6,t,QUARENTENA,15
184,TRATAMENTO,DADOS_NULOS,154,4,2026-09-20 16:36:59.777183,success,154,Amostra_Base_Dados.csv,2026-09-20 16:37:02.431746,2026-09-20 16:37:02.464675,252,SUCESSO,,DADOS_NULOS,1,6,t,QUARENTENA,15
185,TRATAMENTO,DADOS_NULOS,155,5,2026-09-20 16:37:15.914757,success,155,Amostra_Base_Dados.csv,2026-09-20 16:37:18.342033,2026-09-20 16:37:18.375462,252,SUCESSO,,DADOS_NULOS,1,6,t,QUARENTENA,15
186,TRATAMENTO,DADOS_NULOS,156,6,2026-09-20 16:37:28.899017,success,156,Amostra_Base_Dados.csv,2026-09-20 16:37:31.487349,2026-09-20 16:37:31.51866,252,SUCESSO,,DADOS_NULOS,1,6,t,QUARENTENA,15
187,TRATAMENTO,DADOS_NULOS,157,7,2026-09-20 16:37:45.032643,success,157,Amostra_Base_Dados.csv,2026-09-20 16:37:47.956211,2026-09-20 16:37:47.989043,252,SUCESSO,,DADOS_NULOS,1,6,t,QUARENTENA,15
188,TRATAMENTO,DADOS_NULOS,158,8,2026-09-20 16:38:01.185987,success,158,Amostra_Base_Dados.csv,2026-09-20 16:38:03.04277,2026-09-20 16:38:03.074737,252,SUCESSO,,DADOS_NULOS,1,6,t,QUARENTENA,15
189,TRATAMENTO,DADOS_NULOS,159,9,2026-09-20 16:38:17.35049,success,159,Amostra_Base_Dados.csv,2026-09-20 16:38:20.619888,2026-09-20 16:38:20.65282,252,SUCESSO,,DADOS_NULOS,1,6,t,QUARENTENA,15
190,TRATAMENTO,DADOS_NULOS,160,10,2026-09-20 16:38:33.459304,success,160,Amostra_Base_Dados.csv,2026-09-20 16:38:36.397222,2026-09-20 16:38:36.429194,252,SUCESSO,,DADOS_NULOS,1,6,t,QUARENTENA,15
191,TRATAMENTO,DADOS_NULOS,161,11,2026-09-20 16:38:49.608304,success,161,Amostra_Base_Dados.csv,2026-09-20 16:38:52.78727,2026-09-20 16:38:52.820017,252,SUCESSO,,DADOS_NULOS,1,6,t,QUARENTENA,15
192,TRATAMENTO,DADOS_NULOS,162,12,2026-09-20 16:39:05.719999,success,162,Amostra_Base_Dados.csv,2026-09-20 16:39:08.49949,2026-09-20 16:39:08.532884,252,SUCESSO,,DADOS_NULOS,1,6,t,QUARENTENA,15
193,TRATAMENTO,DADOS_NULOS,163,13,2026-09-20 16:39:21.850022,success,163,Amostra_Base_Dados.csv,2026-09-20 16:39:24.699016,2026-09-20 16:39:24.731976,252,SUCESSO,,DADOS_NULOS,1,6,t,QUARENTENA,15
194,TRATAMENTO,DADOS_NULOS,164,14,2026-09-20 16:39:37.94202,success,164,Amostra_Base_Dados.csv,2026-09-20 16:39:40.872953,2026-09-20 16:39:40.906181,252,SUCESSO,,DADOS_NULOS,1,6,t,QUARENTENA,15
195,TRATAMENTO,DADOS_NULOS,165,15,2026-09-20 16:39:54.05667,success,165,Amostra_Base_Dados.csv,2026-09-20 16:39:57.145135,2026-09-20 16:39:57.178723,252,SUCESSO,,DADOS_NULOS,1,7,t,QUARENTENA,15
196,TRATAMENTO,DADOS_NULOS,166,16,2026-09-20 16:40:13.380321,success,166,Amostra_Base_Dados.csv,2026-09-20 16:40:16.110403,2026-09-20 16:40:16.14316,252,SUCESSO,,DADOS_NULOS,1,6,t,QUARENTENA,15
197,TRATAMENTO,DADOS_NULOS,167,17,2026-09-20 16:40:32.653635,success,167,Amostra_Base_Dados.csv,2026-09-20 16:40:35.190727,2026-09-20 16:40:35.223235,252,SUCESSO,,DADOS_NULOS,1,6,t,QUARENTENA,15
198,TRATAMENTO,DADOS_NULOS,168,18,2026-09-20 16:40:51.887779,success,168,Amostra_Base_Dados.csv,2026-09-20 16:40:54.21994,2026-09-20 16:40:54.253147,252,SUCESSO,,DADOS_NULOS,1,6,t,QUARENTENA,15
199,TRATAMENTO,DADOS_NULOS,169,19,2026-09-20 16:41:11.183598,success,169,Amostra_Base_Dados.csv,2026-09-20 16:41:14.38002,2026-09-20 16:41:14.413823,252,SUCESSO,,DADOS_NULOS,1,6,t,QUARENTENA,15
200,TRATAMENTO,DADOS_NULOS,170,20,2026-09-20 16:41:30.479549,success,170,Amostra_Base_Dados.csv,2026-09-20 16:41:33.628941,2026-09-20 16:41:33.662218,252,SUCESSO,,DADOS_NULOS,1,6,t,QUARENTENA,15
201,TRATAMENTO,DADOS_NULOS,171,21,2026-09-20 16:41:49.755368,success,171,Amostra_Base_Dados.csv,2026-09-20 16:41:52.73611,2026-09-20 16:41:52.769094,252,SUCESSO,,DADOS_NULOS,1,6,t,QUARENTENA,15
202,TRATAMENTO,DADOS_NULOS,172,22,2026-09-20 16:42:09.046598,success,172,Amostra_Base_Dados.csv,2026-09-20 16:42:11.373797,2026-09-20 16:42:11.407861,252,SUCESSO,,DADOS_NULOS,1,6,t,QUARENTENA,15
203,TRATAMENTO,DADOS_NULOS,173,23,2026-09-20 16:42:28.37659,success,173,Amostra_Base_Dados.csv,2026-09-20 16:42:30.963329,2026-09-20 16:42:30.995913,252,SUCESSO,,DADOS_NULOS,1,6,t,QUARENTENA,15
204,TRATAMENTO,DADOS_NULOS,174,24,2026-09-20 16:42:47.648951,success,174,Amostra_Base_Dados.csv,2026-09-20 16:42:50.093602,2026-09-20 16:42:50.126188,252,SUCESSO,,DADOS_NULOS,1,6,t,QUARENTENA,15
205,TRATAMENTO,DADOS_NULOS,175,25,2026-09-20 16:43:10.101795,success,175,Amostra_Base_Dados.csv,2026-09-20 16:43:12.576757,2026-09-20 16:43:12.610164,252,SUCESSO,,DADOS_NULOS,1,6,t,QUARENTENA,15
206,TRATAMENTO,DADOS_NULOS,176,26,2026-09-20 16:43:32.515359,success,176,Amostra_Base_Dados.csv,2026-09-20 16:43:35.440082,2026-09-20 16:43:35.475087,252,SUCESSO,,DADOS_NULOS,1,7,t,QUARENTENA,15
207,TRATAMENTO,DADOS_NULOS,177,27,2026-09-20 16:43:54.985148,success,177,Amostra_Base_Dados.csv,2026-09-20 16:43:57.670857,2026-09-20 16:43:57.704986,252,SUCESSO,,DADOS_NULOS,1,8,t,QUARENTENA,15
208,TRATAMENTO,DADOS_NULOS,178,28,2026-09-20 16:44:17.415677,success,178,Amostra_Base_Dados.csv,2026-09-20 16:44:19.66215,2026-09-20 16:44:19.695726,252,SUCESSO,,DADOS_NULOS,1,7,t,QUARENTENA,15
209,TRATAMENTO,DADOS_NULOS,179,29,2026-09-20 16:44:39.815184,success,179,Amostra_Base_Dados.csv,2026-09-20 16:44:42.777074,2026-09-20 16:44:42.809524,252,SUCESSO,,DADOS_NULOS,1,6,t,QUARENTENA,15
210,TRATAMENTO,DADOS_NULOS,180,30,2026-09-20 16:45:02.2427,success,180,Amostra_Base_Dados.csv,2026-09-20 16:45:05.189436,2026-09-20 16:45:05.230125,252,SUCESSO,,DADOS_NULOS,1,7,t,QUARENTENA,15
211,TRATAMENTO,ARQUIVO_AUSENTE,181,1,2026-09-20 16:45:25.107047,success,181,Amostra_Backup_Fallback.csv,2026-09-20 16:45:27.903314,2026-09-20 16:45:27.938087,267,SUCESSO,,ARQUIVO_AUSENTE,1,6,t,FALLBACK_ARQUIVO,0
212,TRATAMENTO,ARQUIVO_AUSENTE,182,2,2026-09-20 16:45:50.724506,success,182,Amostra_Backup_Fallback.csv,2026-09-20 16:45:53.468151,2026-09-20 16:45:53.499897,267,SUCESSO,,ARQUIVO_AUSENTE,1,6,t,FALLBACK_ARQUIVO,0
213,TRATAMENTO,ARQUIVO_AUSENTE,183,3,2026-09-20 16:46:16.331947,success,183,Amostra_Backup_Fallback.csv,2026-09-20 16:46:19.680528,2026-09-20 16:46:19.714605,267,SUCESSO,,ARQUIVO_AUSENTE,1,6,t,FALLBACK_ARQUIVO,0
214,TRATAMENTO,ARQUIVO_AUSENTE,184,4,2026-09-20 16:46:42.037461,success,184,Amostra_Backup_Fallback.csv,2026-09-20 16:46:45.105113,2026-09-20 16:46:45.138871,267,SUCESSO,,ARQUIVO_AUSENTE,1,6,t,FALLBACK_ARQUIVO,0
215,TRATAMENTO,ARQUIVO_AUSENTE,185,5,2026-09-20 16:47:07.610458,success,185,Amostra_Backup_Fallback.csv,2026-09-20 16:47:11.241021,2026-09-20 16:47:11.273769,267,SUCESSO,,ARQUIVO_AUSENTE,1,6,t,FALLBACK_ARQUIVO,0
216,TRATAMENTO,ARQUIVO_AUSENTE,186,6,2026-09-20 16:47:36.356416,success,186,Amostra_Backup_Fallback.csv,2026-09-20 16:47:39.180415,2026-09-20 16:47:39.213002,267,SUCESSO,,ARQUIVO_AUSENTE,1,6,t,FALLBACK_ARQUIVO,0
217,TRATAMENTO,ARQUIVO_AUSENTE,187,7,2026-09-20 16:48:05.036953,success,187,Amostra_Backup_Fallback.csv,2026-09-20 16:48:08.377442,2026-09-20 16:48:08.409919,267,SUCESSO,,ARQUIVO_AUSENTE,1,6,t,FALLBACK_ARQUIVO,0
218,TRATAMENTO,ARQUIVO_AUSENTE,188,8,2026-09-20 16:48:33.783032,success,188,Amostra_Backup_Fallback.csv,2026-09-20 16:48:36.608429,2026-09-20 16:48:36.642234,267,SUCESSO,,ARQUIVO_AUSENTE,1,6,t,FALLBACK_ARQUIVO,0
219,TRATAMENTO,ARQUIVO_AUSENTE,189,9,2026-09-20 16:49:02.495237,success,189,Amostra_Backup_Fallback.csv,2026-09-20 16:49:05.802938,2026-09-20 16:49:05.835073,267,SUCESSO,,ARQUIVO_AUSENTE,1,6,t,FALLBACK_ARQUIVO,0
220,TRATAMENTO,ARQUIVO_AUSENTE,190,10,2026-09-20 16:49:31.29791,success,190,Amostra_Backup_Fallback.csv,2026-09-20 16:49:33.944791,2026-09-20 16:49:33.980641,267,SUCESSO,,ARQUIVO_AUSENTE,1,6,t,FALLBACK_ARQUIVO,0
221,TRATAMENTO,ARQUIVO_AUSENTE,191,11,2026-09-20 16:50:03.162321,success,191,Amostra_Backup_Fallback.csv,2026-09-20 16:50:06.302372,2026-09-20 16:50:06.348686,267,SUCESSO,,ARQUIVO_AUSENTE,1,6,t,FALLBACK_ARQUIVO,0
222,TRATAMENTO,ARQUIVO_AUSENTE,192,12,2026-09-20 16:50:35.012076,success,192,Amostra_Backup_Fallback.csv,2026-09-20 16:50:37.553394,2026-09-20 16:50:37.587338,267,SUCESSO,,ARQUIVO_AUSENTE,1,6,t,FALLBACK_ARQUIVO,0
223,TRATAMENTO,ARQUIVO_AUSENTE,193,13,2026-09-20 16:51:06.861157,success,193,Amostra_Backup_Fallback.csv,2026-09-20 16:51:09.770749,2026-09-20 16:51:09.802862,267,SUCESSO,,ARQUIVO_AUSENTE,1,6,t,FALLBACK_ARQUIVO,0
224,TRATAMENTO,ARQUIVO_AUSENTE,194,14,2026-09-20 16:51:41.878636,success,194,Amostra_Backup_Fallback.csv,2026-09-20 16:51:44.896889,2026-09-20 16:51:44.929529,267,SUCESSO,,ARQUIVO_AUSENTE,1,6,t,FALLBACK_ARQUIVO,0
225,TRATAMENTO,ARQUIVO_AUSENTE,195,15,2026-09-20 16:52:16.981675,success,195,Amostra_Backup_Fallback.csv,2026-09-20 16:52:20.216592,2026-09-20 16:52:20.250013,267,SUCESSO,,ARQUIVO_AUSENTE,1,6,t,FALLBACK_ARQUIVO,0
226,TRATAMENTO,ARQUIVO_AUSENTE,196,16,2026-09-20 16:52:51.999876,success,196,Amostra_Backup_Fallback.csv,2026-09-20 16:52:54.392666,2026-09-20 16:52:54.426583,267,SUCESSO,,ARQUIVO_AUSENTE,1,6,t,FALLBACK_ARQUIVO,0
227,TRATAMENTO,ARQUIVO_AUSENTE,197,17,2026-09-20 16:53:27.013322,success,197,Amostra_Backup_Fallback.csv,2026-09-20 16:53:29.624875,2026-09-20 16:53:29.65831,267,SUCESSO,,ARQUIVO_AUSENTE,1,6,t,FALLBACK_ARQUIVO,0
228,TRATAMENTO,ARQUIVO_AUSENTE,198,18,2026-09-20 16:54:02.03303,success,198,Amostra_Backup_Fallback.csv,2026-09-20 16:54:04.675063,2026-09-20 16:54:04.707558,267,SUCESSO,,ARQUIVO_AUSENTE,1,6,t,FALLBACK_ARQUIVO,0
229,TRATAMENTO,ARQUIVO_AUSENTE,199,19,2026-09-20 16:54:40.216412,success,199,Amostra_Backup_Fallback.csv,2026-09-20 16:54:42.812482,2026-09-20 16:54:42.853142,267,SUCESSO,,ARQUIVO_AUSENTE,1,6,t,FALLBACK_ARQUIVO,0
230,TRATAMENTO,ARQUIVO_AUSENTE,200,20,2026-09-20 16:55:18.40999,success,200,Amostra_Backup_Fallback.csv,2026-09-20 16:55:21.101227,2026-09-20 16:55:21.134411,267,SUCESSO,,ARQUIVO_AUSENTE,1,6,t,FALLBACK_ARQUIVO,0
231,TRATAMENTO,ARQUIVO_AUSENTE,201,21,2026-09-20 16:55:56.595919,success,201,Amostra_Backup_Fallback.csv,2026-09-20 16:55:59.297565,2026-09-20 16:55:59.331476,267,SUCESSO,,ARQUIVO_AUSENTE,1,6,t,FALLBACK_ARQUIVO,0
232,TRATAMENTO,ARQUIVO_AUSENTE,202,22,2026-09-20 16:56:37.916756,success,202,Amostra_Backup_Fallback.csv,2026-09-20 16:56:40.953159,2026-09-20 16:56:40.986315,267,SUCESSO,,ARQUIVO_AUSENTE,1,6,t,FALLBACK_ARQUIVO,0
233,TRATAMENTO,ARQUIVO_AUSENTE,203,23,2026-09-20 16:57:19.284312,success,203,Amostra_Backup_Fallback.csv,2026-09-20 16:57:22.276754,2026-09-20 16:57:22.311591,267,SUCESSO,,ARQUIVO_AUSENTE,1,6,t,FALLBACK_ARQUIVO,0
234,TRATAMENTO,ARQUIVO_AUSENTE,204,24,2026-09-20 16:58:00.63741,success,204,Amostra_Backup_Fallback.csv,2026-09-20 16:58:03.51031,2026-09-20 16:58:03.543194,267,SUCESSO,,ARQUIVO_AUSENTE,1,6,t,FALLBACK_ARQUIVO,0
235,TRATAMENTO,ARQUIVO_AUSENTE,205,25,2026-09-20 16:58:41.996334,success,205,Amostra_Backup_Fallback.csv,2026-09-20 16:58:44.66969,2026-09-20 16:58:44.704123,267,SUCESSO,,ARQUIVO_AUSENTE,1,6,t,FALLBACK_ARQUIVO,0
236,TRATAMENTO,ARQUIVO_AUSENTE,206,26,2026-09-20 16:59:26.564738,success,206,Amostra_Backup_Fallback.csv,2026-09-20 16:59:29.746728,2026-09-20 16:59:29.785045,267,SUCESSO,,ARQUIVO_AUSENTE,1,6,t,FALLBACK_ARQUIVO,0
237,TRATAMENTO,ARQUIVO_AUSENTE,207,27,2026-09-20 17:00:11.13654,success,207,Amostra_Backup_Fallback.csv,2026-09-20 17:00:13.762555,2026-09-20 17:00:13.796388,267,SUCESSO,,ARQUIVO_AUSENTE,1,6,t,FALLBACK_ARQUIVO,0
238,TRATAMENTO,ARQUIVO_AUSENTE,208,28,2026-09-20 17:00:58.888337,success,208,Amostra_Backup_Fallback.csv,2026-09-20 17:01:02.021202,2026-09-20 17:01:02.055912,267,SUCESSO,,ARQUIVO_AUSENTE,1,6,t,FALLBACK_ARQUIVO,0
239,TRATAMENTO,ARQUIVO_AUSENTE,209,29,2026-09-20 17:01:46.574459,success,209,Amostra_Backup_Fallback.csv,2026-09-20 17:01:49.44271,2026-09-20 17:01:49.476611,267,SUCESSO,,ARQUIVO_AUSENTE,1,6,t,FALLBACK_ARQUIVO,0
240,TRATAMENTO,ARQUIVO_AUSENTE,210,30,2026-09-20 17:02:34.296633,success,210,Amostra_Backup_Fallback.csv,2026-09-20 17:02:36.878315,2026-09-20 17:02:36.911995,267,SUCESSO,,ARQUIVO_AUSENTE,1,6,t,FALLBACK_ARQUIVO,0
241,BASELINE,NENHUMA,211,1,2026-09-26 17:42:49.55385,success,211,Amostra_Base_Dados.csv,2026-09-26 17:42:52.748565,2026-09-26 17:42:52.77674,267,SUCESSO,,NENHUMA,1,6,f,NENHUM,0
242,BASELINE,NENHUMA,212,2,2026-09-26 17:43:50.238844,success,212,Amostra_Base_Dados.csv,2026-09-26 17:43:52.823219,2026-09-26 17:43:52.854617,267,SUCESSO,,NENHUMA,1,6,f,NENHUM,0
243,BASELINE,NENHUMA,213,3,2026-09-26 17:44:44.114714,success,213,Amostra_Base_Dados.csv,2026-09-26 17:44:47.151506,2026-09-26 17:44:47.176598,267,SUCESSO,,NENHUMA,1,5,f,NENHUM,0
244,BASELINE,NENHUMA,214,4,2026-09-26 17:45:41.140129,success,214,Amostra_Base_Dados.csv,2026-09-26 17:45:43.658558,2026-09-26 17:45:43.687323,267,SUCESSO,,NENHUMA,1,6,f,NENHUM,0
245,BASELINE,NENHUMA,215,5,2026-09-26 17:46:38.103649,success,215,Amostra_Base_Dados.csv,2026-09-26 17:46:41.304689,2026-09-26 17:46:41.329778,267,SUCESSO,,NENHUMA,1,6,f,NENHUM,0
246,BASELINE,NENHUMA,216,6,2026-09-26 17:47:37.195324,success,216,Amostra_Base_Dados.csv,2026-09-26 17:47:39.347803,2026-09-26 17:47:39.373703,267,SUCESSO,,NENHUMA,1,6,f,NENHUM,0
247,BASELINE,NENHUMA,217,7,2026-09-26 17:48:37.328224,success,217,Amostra_Base_Dados.csv,2026-09-26 17:48:39.484597,2026-09-26 17:48:39.509661,267,SUCESSO,,NENHUMA,1,5,f,NENHUM,0
248,BASELINE,NENHUMA,218,8,2026-09-26 17:49:37.889131,success,218,Amostra_Base_Dados.csv,2026-09-26 17:49:40.700405,2026-09-26 17:49:40.726748,267,SUCESSO,,NENHUMA,1,6,f,NENHUM,0
249,BASELINE,NENHUMA,219,9,2026-09-26 17:50:41.1818,success,219,Amostra_Base_Dados.csv,2026-09-26 17:50:44.496939,2026-09-26 17:50:44.526427,267,SUCESSO,,NENHUMA,1,5,f,NENHUM,0
250,BASELINE,NENHUMA,220,10,2026-09-26 17:51:44.97173,success,220,Amostra_Base_Dados.csv,2026-09-26 17:51:48.013936,2026-09-26 17:51:48.039393,267,SUCESSO,,NENHUMA,1,6,f,NENHUM,0
251,BASELINE,NENHUMA,221,11,2026-09-26 17:52:51.348759,success,221,Amostra_Base_Dados.csv,2026-09-26 17:52:54.624708,2026-09-26 17:52:54.649896,267,SUCESSO,,NENHUMA,1,6,f,NENHUM,0
252,BASELINE,NENHUMA,222,12,2026-09-26 17:54:01.069013,success,222,Amostra_Base_Dados.csv,2026-09-26 17:54:04.066965,2026-09-26 17:54:04.092697,267,SUCESSO,,NENHUMA,1,6,f,NENHUM,0
253,BASELINE,NENHUMA,223,13,2026-09-26 17:55:10.727866,success,223,Amostra_Base_Dados.csv,2026-09-26 17:55:13.477031,2026-09-26 17:55:13.502938,267,SUCESSO,,NENHUMA,1,6,f,NENHUM,0
254,BASELINE,NENHUMA,224,14,2026-09-26 17:56:23.588471,success,224,Amostra_Base_Dados.csv,2026-09-26 17:56:25.530685,2026-09-26 17:56:25.556342,267,SUCESSO,,NENHUMA,1,6,f,NENHUM,0
255,BASELINE,NENHUMA,225,15,2026-09-26 17:57:36.781876,success,225,Amostra_Base_Dados.csv,2026-09-26 17:57:39.561413,2026-09-26 17:57:39.587227,267,SUCESSO,,NENHUMA,1,6,f,NENHUM,0
256,BASELINE,NENHUMA,226,16,2026-09-26 17:58:52.680456,success,226,Amostra_Base_Dados.csv,2026-09-26 17:58:55.339417,2026-09-26 17:58:55.365298,267,SUCESSO,,NENHUMA,1,6,f,NENHUM,0
257,BASELINE,NENHUMA,227,17,2026-09-26 18:00:08.766747,success,227,Amostra_Base_Dados.csv,2026-09-26 18:00:12.029314,2026-09-26 18:00:12.05424,267,SUCESSO,,NENHUMA,1,5,f,NENHUM,0
258,BASELINE,NENHUMA,228,18,2026-09-26 18:01:27.822523,success,228,Amostra_Base_Dados.csv,2026-09-26 18:01:29.990667,2026-09-26 18:01:30.016899,267,SUCESSO,,NENHUMA,1,6,f,NENHUM,0
259,BASELINE,NENHUMA,229,19,2026-09-26 18:02:49.9946,success,229,Amostra_Base_Dados.csv,2026-09-26 18:02:53.32923,2026-09-26 18:02:53.355061,267,SUCESSO,,NENHUMA,1,6,f,NENHUM,0
260,BASELINE,NENHUMA,230,20,2026-09-26 18:04:12.215881,success,230,Amostra_Base_Dados.csv,2026-09-26 18:04:14.851188,2026-09-26 18:04:14.876017,267,SUCESSO,,NENHUMA,1,6,f,NENHUM,0
261,BASELINE,NENHUMA,231,21,2026-09-26 18:05:34.41238,success,231,Amostra_Base_Dados.csv,2026-09-26 18:05:37.358619,2026-09-26 18:05:37.385426,267,SUCESSO,,NENHUMA,1,6,f,NENHUM,0
262,BASELINE,NENHUMA,232,22,2026-09-26 18:07:02.893761,success,232,Amostra_Base_Dados.csv,2026-09-26 18:07:06.096454,2026-09-26 18:07:06.123224,267,SUCESSO,,NENHUMA,1,6,f,NENHUM,0
263,BASELINE,NENHUMA,233,23,2026-09-26 18:08:31.460828,success,233,Amostra_Base_Dados.csv,2026-09-26 18:08:34.739824,2026-09-26 18:08:34.769804,267,SUCESSO,,NENHUMA,1,8,f,NENHUM,0
264,BASELINE,NENHUMA,234,24,2026-09-26 18:10:06.570915,success,234,Amostra_Base_Dados.csv,2026-09-26 18:10:09.228858,2026-09-26 18:10:09.26309,267,SUCESSO,,NENHUMA,1,6,f,NENHUM,0
265,BASELINE,NENHUMA,235,25,2026-09-26 18:11:51.505892,success,235,Amostra_Base_Dados.csv,2026-09-26 18:11:54.831255,2026-09-26 18:11:54.866686,267,SUCESSO,,NENHUMA,1,6,f,NENHUM,0
266,BASELINE,NENHUMA,236,26,2026-09-26 18:13:39.593621,success,236,Amostra_Base_Dados.csv,2026-09-26 18:13:41.484125,2026-09-26 18:13:41.513012,267,SUCESSO,,NENHUMA,1,6,f,NENHUM,0
267,BASELINE,NENHUMA,237,27,2026-09-26 18:15:27.361827,success,237,Amostra_Base_Dados.csv,2026-09-26 18:15:30.146419,2026-09-26 18:15:30.17815,267,SUCESSO,,NENHUMA,1,6,f,NENHUM,0
268,BASELINE,NENHUMA,238,28,2026-09-26 18:17:18.97729,success,238,Amostra_Base_Dados.csv,2026-09-26 18:17:21.856095,2026-09-26 18:17:21.88108,267,SUCESSO,,NENHUMA,1,5,f,NENHUM,0
269,BASELINE,NENHUMA,239,29,2026-09-26 18:19:09.483537,success,239,Amostra_Base_Dados.csv,2026-09-26 18:19:12.506291,2026-09-26 18:19:12.531568,267,SUCESSO,,NENHUMA,1,6,f,NENHUM,0
270,BASELINE,NENHUMA,240,30,2026-09-26 18:21:08.506405,success,240,Amostra_Base_Dados.csv,2026-09-26 18:21:10.948681,2026-09-26 18:21:10.973583,267,SUCESSO,,NENHUMA,1,6,f,NENHUM,0
271,TRATAMENTO,NENHUMA,241,1,2026-09-26 18:23:20.068192,success,241,Amostra_Base_Dados.csv,2026-09-26 18:23:23.020468,2026-09-26 18:23:23.056088,267,SUCESSO,,NENHUMA,1,6,f,NENHUM,0
272,TRATAMENTO,NENHUMA,242,2,2026-09-26 18:25:17.269936,success,242,Amostra_Base_Dados.csv,2026-09-26 18:25:20.303194,2026-09-26 18:25:20.33785,267,SUCESSO,,NENHUMA,1,6,f,NENHUM,0
273,TRATAMENTO,NENHUMA,243,3,2026-09-26 18:27:26.953718,success,243,Amostra_Base_Dados.csv,2026-09-26 18:27:29.731159,2026-09-26 18:27:29.764706,267,SUCESSO,,NENHUMA,1,5,f,NENHUM,0
274,TRATAMENTO,NENHUMA,244,4,2026-09-26 18:29:31.132547,success,244,Amostra_Base_Dados.csv,2026-09-26 18:29:33.44791,2026-09-26 18:29:33.486132,267,SUCESSO,,NENHUMA,1,6,f,NENHUM,0
275,TRATAMENTO,NENHUMA,245,5,2026-09-26 18:31:47.5897,success,245,Amostra_Base_Dados.csv,2026-09-26 18:31:50.242114,2026-09-26 18:31:50.277444,267,SUCESSO,,NENHUMA,1,6,f,NENHUM,0
276,TRATAMENTO,NENHUMA,246,6,2026-09-26 18:33:57.824393,success,246,Amostra_Base_Dados.csv,2026-09-26 18:34:00.386613,2026-09-26 18:34:00.427225,267,SUCESSO,,NENHUMA,1,6,f,NENHUM,0
277,TRATAMENTO,NENHUMA,247,7,2026-09-26 18:36:10.801697,success,247,Amostra_Base_Dados.csv,2026-09-26 18:36:13.8798,2026-09-26 18:36:13.91766,267,SUCESSO,,NENHUMA,1,6,f,NENHUM,0
278,TRATAMENTO,NENHUMA,248,8,2026-09-26 18:38:40.093466,success,248,Amostra_Base_Dados.csv,2026-09-26 18:38:42.597531,2026-09-26 18:38:42.63121,267,SUCESSO,,NENHUMA,1,6,f,NENHUM,0
279,TRATAMENTO,NENHUMA,249,9,2026-09-26 18:41:01.309809,success,249,Amostra_Base_Dados.csv,2026-09-26 18:41:03.752285,2026-09-26 18:41:03.78705,267,SUCESSO,,NENHUMA,1,5,f,NENHUM,0
280,TRATAMENTO,NENHUMA,250,10,2026-09-26 18:43:31.806431,success,250,Amostra_Base_Dados.csv,2026-09-26 18:43:35.435705,2026-09-26 18:43:35.469622,267,SUCESSO,,NENHUMA,1,6,f,NENHUM,0
281,TRATAMENTO,NENHUMA,251,11,2026-09-26 18:45:59.497249,success,251,Amostra_Base_Dados.csv,2026-09-26 18:46:02.609922,2026-09-26 18:46:02.643887,267,SUCESSO,,NENHUMA,1,6,f,NENHUM,0
282,TRATAMENTO,NENHUMA,252,12,2026-09-26 18:48:39.33445,success,252,Amostra_Base_Dados.csv,2026-09-26 18:48:42.250618,2026-09-26 18:48:42.286045,267,SUCESSO,,NENHUMA,1,6,f,NENHUM,0
283,TRATAMENTO,NENHUMA,253,13,2026-09-26 18:51:26.459114,success,253,Amostra_Base_Dados.csv,2026-09-26 18:51:29.115296,2026-09-26 18:51:29.150304,267,SUCESSO,,NENHUMA,1,6,f,NENHUM,0
284,TRATAMENTO,NENHUMA,254,14,2026-09-26 18:54:07.343171,success,254,Amostra_Base_Dados.csv,2026-09-26 18:54:10.488543,2026-09-26 18:54:10.526482,267,SUCESSO,,NENHUMA,1,6,f,NENHUM,0
285,TRATAMENTO,NENHUMA,255,15,2026-09-26 18:56:54.413474,success,255,Amostra_Base_Dados.csv,2026-09-26 18:56:57.222753,2026-09-26 18:56:57.256453,267,SUCESSO,,NENHUMA,1,6,f,NENHUM,0
286,TRATAMENTO,NENHUMA,256,16,2026-09-26 18:59:46.382797,success,256,Amostra_Base_Dados.csv,2026-09-26 18:59:48.887394,2026-09-26 18:59:48.924344,267,SUCESSO,,NENHUMA,1,6,f,NENHUM,0
287,TRATAMENTO,NENHUMA,257,17,2026-09-26 19:02:42.436051,success,257,Amostra_Base_Dados.csv,2026-09-26 19:02:45.700608,2026-09-26 19:02:45.734556,267,SUCESSO,,NENHUMA,1,6,f,NENHUM,0
288,TRATAMENTO,NENHUMA,258,18,2026-09-26 19:05:39.680748,success,258,Amostra_Base_Dados.csv,2026-09-26 19:05:42.212498,2026-09-26 19:05:42.246058,267,SUCESSO,,NENHUMA,1,6,f,NENHUM,0
289,TRATAMENTO,NENHUMA,259,19,2026-09-26 19:08:55.227334,success,259,Amostra_Base_Dados.csv,2026-09-26 19:08:57.677473,2026-09-26 19:08:57.710898,267,SUCESSO,,NENHUMA,1,9,f,NENHUM,0
290,TRATAMENTO,NENHUMA,260,20,2026-09-26 19:12:10.286677,success,260,Amostra_Base_Dados.csv,2026-09-26 19:12:12.745466,2026-09-26 19:12:12.792094,267,SUCESSO,,NENHUMA,1,6,f,NENHUM,0
291,TRATAMENTO,NENHUMA,261,21,2026-09-26 19:15:41.035169,success,261,Amostra_Base_Dados.csv,2026-09-26 19:15:44.208801,2026-09-26 19:15:44.244013,267,SUCESSO,,NENHUMA,1,6,f,NENHUM,0
292,TRATAMENTO,NENHUMA,262,22,2026-09-26 19:19:25.592936,success,262,Amostra_Base_Dados.csv,2026-09-26 19:19:28.781405,2026-09-26 19:19:28.816493,267,SUCESSO,,NENHUMA,1,6,f,NENHUM,0
293,TRATAMENTO,NENHUMA,263,23,2026-09-26 19:22:53.420574,success,263,Amostra_Base_Dados.csv,2026-09-26 19:22:55.999363,2026-09-26 19:22:56.0331,267,SUCESSO,,NENHUMA,1,6,f,NENHUM,0
294,TRATAMENTO,NENHUMA,264,24,2026-09-26 19:26:20.430494,success,264,Amostra_Base_Dados.csv,2026-09-26 19:26:23.512537,2026-09-26 19:26:23.550247,267,SUCESSO,,NENHUMA,1,6,f,NENHUM,0
295,TRATAMENTO,NENHUMA,265,25,2026-09-26 19:29:56.892904,success,265,Amostra_Base_Dados.csv,2026-09-26 19:30:00.066928,2026-09-26 19:30:00.101039,267,SUCESSO,,NENHUMA,1,6,f,NENHUM,0
296,TRATAMENTO,NENHUMA,266,26,2026-09-26 19:33:36.499695,success,266,Amostra_Base_Dados.csv,2026-09-26 19:33:39.312787,2026-09-26 19:33:39.349542,267,SUCESSO,,NENHUMA,1,6,f,NENHUM,0
297,TRATAMENTO,NENHUMA,267,27,2026-09-26 19:37:18.719261,success,267,Amostra_Base_Dados.csv,2026-09-26 19:37:21.535412,2026-09-26 19:37:21.568775,267,SUCESSO,,NENHUMA,1,6,f,NENHUM,0
298,TRATAMENTO,NENHUMA,268,28,2026-09-26 19:41:08.913111,success,268,Amostra_Base_Dados.csv,2026-09-26 19:41:11.903478,2026-09-26 19:41:11.939807,267,SUCESSO,,NENHUMA,1,6,f,NENHUM,0
299,TRATAMENTO,NENHUMA,269,29,2026-09-26 19:44:59.208643,success,269,Amostra_Base_Dados.csv,2026-09-26 19:45:01.573097,2026-09-26 19:45:01.608109,267,SUCESSO,,NENHUMA,1,6,f,NENHUM,0
300,TRATAMENTO,NENHUMA,270,30,2026-09-26 19:48:58.01791,success,270,Amostra_Base_Dados.csv,2026-09-26 19:49:01.035761,2026-09-26 19:49:01.06908,267,SUCESSO,,NENHUMA,1,6,f,NENHUM,0
